日期,升贴水,进口利润,三月进口利润
3/2/2017,,-2150,-1909
4/2/2017,,,
5/2/2017,,,
6/2/2017,,-2211,-2078
7/2/2017,,-2397,-2168
8/2/2017,,-2139,-2096
9/2/2017,,-2118,-2183
10/2/2017,,-2317,-2203
11/2/2017,,,
12/2/2017,,,
13/2/2017,,-2465,-2237
14/2/2017,,-2326,-1904
15/2/2017,,-1988,-1995
16/2/2017,,-1928,-1936
17/2/2017,,-2011,-2133
18/2/2017,,,
19/2/2017,,,
20/2/2017,,-2241,-2093
21/2/2017,,-2218,-2051
22/2/2017,,-2161,-2130
23/2/2017,,-2350,-2235
24/2/2017,,-2631,-2368
25/2/2017,,,
26/2/2017,,,
27/2/2017,,-2547,-2355
28/2/2017,,-2633,-2449
1/3/2017,,-2743,-2322
2/3/2017,,-2725,-2496
3/3/2017,,-2691,-2386
4/3/2017,,,
5/3/2017,,,
6/3/2017,,-2459,-2456
7/3/2017,,-2538,-2395
8/3/2017,,-2575,-2530
9/3/2017,,-2521,-2603
10/3/2017,,-2620,-2473
11/3/2017,,,
12/3/2017,,,
13/3/2017,,-2588,-2536
14/3/2017,,-2424,-2599
15/3/2017,,-2556,-2485
16/3/2017,,-2643,-2441
17/3/2017,,-2569,-2573
18/3/2017,,,
19/3/2017,,,
20/3/2017,,-2758,-2685
21/3/2017,,-2813,-2631
22/3/2017,,-2913,-2737
23/3/2017,,-2863,-2728
24/3/2017,,-2897,-2850
25/3/2017,,,
26/3/2017,,,
27/3/2017,,-2982,-2809
28/3/2017,,-2943,-2829
29/3/2017,,-3090,-2881
30/3/2017,,-3175,-2985
31/3/2017,,-3224,-2881
1/4/2017,,,
2/4/2017,,,
3/4/2017,,,
4/4/2017,,,
5/4/2017,,-2782,-2704
6/4/2017,,-2875,-2787
7/4/2017,,-2726,-2727
8/4/2017,,,
9/4/2017,,,
10/4/2017,,-2805,-2752
11/4/2017,,-2594,-2659
12/4/2017,,-2563,-2645
13/4/2017,,-2567,-2427
14/4/2017,,,
15/4/2017,,,
16/4/2017,,,
17/4/2017,,,
18/4/2017,,-2200,-2212
19/4/2017,,-2172,-2156
20/4/2017,,-2556,-2288
21/4/2017,,-2530,-2439
22/4/2017,,,
23/4/2017,,,
24/4/2017,,-2523,-2335
25/4/2017,,-2507,-2351
26/4/2017,,-2524,-2459
27/4/2017,,-2586,-2526
28/4/2017,,-2399,-2558
29/4/2017,,,
30/4/2017,,,
1/5/2017,,,
2/5/2017,,-2387,-2600
3/5/2017,,,
4/5/2017,,-2596,-2608
5/5/2017,,-2537,-2588
6/5/2017,,,
7/5/2017,,,
8/5/2017,,-2470,-2642
9/5/2017,,-2496,-2470
10/5/2017,,-2341,-2398
11/5/2017,,-2363,-2428
12/5/2017,,-2464,-2451
13/5/2017,,,
14/5/2017,,,
15/5/2017,,-2421,-2439
16/5/2017,,-2405,-2394
17/5/2017,,-2583,-2486
18/5/2017,,-2576,-2537
19/5/2017,,-2510,-2452
20/5/2017,,,
21/5/2017,,,
22/5/2017,,-2620,-2637
23/5/2017,,-2725,-2689
24/5/2017,,-2748,-2687
25/5/2017,,-2871,-2625
26/5/2017,,-2785,-2695
27/5/2017,,,
28/5/2017,,,
29/5/2017,,,
30/5/2017,,,
31/5/2017,,-2525,-2581
1/6/2017,,-2638,-2540
2/6/2017,,-2612,-2573
3/6/2017,,,
4/6/2017,,,
5/6/2017,,-2603,-2576
6/6/2017,,-2510,-2447
7/6/2017,,-2464,-2420
8/6/2017,,-2554,-2470
9/6/2017,,-2357,-2488
10/6/2017,,,
11/6/2017,,,
12/6/2017,,-2436,-2475
13/6/2017,,-2352,-2404
14/6/2017,,-2335,-2412
15/6/2017,,-2537,-2547
16/6/2017,,-2377,-2364
17/6/2017,,,
18/6/2017,,,
19/6/2017,,-2394,-2242
20/6/2017,,-2402,-2193
21/6/2017,,-2149,-2142
22/6/2017,,-2124,-2207
23/6/2017,,-2238,-2058
24/6/2017,,,
25/6/2017,,,
26/6/2017,,-2198,-2063
27/6/2017,,-2258,-2001
28/6/2017,,-2264,-2107
29/6/2017,,-2237,-2138
30/6/2017,,-2434,-2229
1/7/2017,,,
2/7/2017,,,
3/7/2017,,-2421,-2206
4/7/2017,,-2333,-2257
5/7/2017,,-2299,-2157
6/7/2017,,-2280,-2219
7/7/2017,,-2442,-2312
8/7/2017,,,
9/7/2017,,,
10/7/2017,,-2222,-2215
11/7/2017,,-2180,-2037
12/7/2017,,-1970,-1945
13/7/2017,,-1892,-1839
14/7/2017,,-1897,-1951
15/7/2017,,,
16/7/2017,,,
17/7/2017,,-1890,-1866
18/7/2017,,-1612,-1663
19/7/2017,,-1880,-1794
20/7/2017,,-1762,-1789
21/7/2017,,-1845,-1757
22/7/2017,,,
23/7/2017,,,
24/7/2017,,-1789,-1690
25/7/2017,,-1606,-1578
26/7/2017,,-1889,-1785
27/7/2017,,-1894,-1767
28/7/2017,,-1774,-1787
29/7/2017,,,
30/7/2017,,,
31/7/2017,,-1769,-1525
1/8/2017,,-1602,-1587
2/8/2017,,-1731,-1340
3/8/2017,,-1417,-1502
4/8/2017,,-1421,-1372
5/8/2017,,,
6/8/2017,,,
7/8/2017,,-1241,-1088
8/8/2017,,-1129,-1010
9/8/2017,,-936,-644
10/8/2017,,-748,-683
11/8/2017,,-895,-725
12/8/2017,,,
13/8/2017,,,
14/8/2017,,-1236,-1080
15/8/2017,,-1348,-1131
16/8/2017,,-1313,-945
17/8/2017,,-1185,-856
18/8/2017,,-1268,-841
19/8/2017,,,
20/8/2017,,,
21/8/2017,,-1085,-711
22/8/2017,,-1126,-711
23/8/2017,,-1156,-858
24/8/2017,,-869,-729
25/8/2017,,-1056,-712
26/8/2017,,,
27/8/2017,,,
28/8/2017,,,-592
29/8/2017,,-740,-662
30/8/2017,,-997,-709
31/8/2017,,-827,-639
1/9/2017,,-992,-667
2/9/2017,,,
3/9/2017,,,
4/9/2017,,-540,-622
5/9/2017,,-711,-600
6/9/2017,,-623,-619
7/9/2017,,-475,-697
8/9/2017,,-646,-1043
9/9/2017,,,
10/9/2017,,,
11/9/2017,,-947,-607
12/9/2017,,-729,-636
13/9/2017,,-653,-790
14/9/2017,,-666,-640
15/9/2017,,-541,-799
16/9/2017,,,
17/9/2017,,,
18/9/2017,,-643,-627
19/9/2017,,-628,-655
20/9/2017,,-1056,-647
21/9/2017,,-833,-813
22/9/2017,,-811,-795
23/9/2017,,,
24/9/2017,,,
25/9/2017,,-1179,-1107
26/9/2017,,-1178,-1056
27/9/2017,,-1133,-1000
28/9/2017,,-1125,-1142
29/9/2017,,-1253,-1223
30/9/2017,,,
1/10/2017,,,
2/10/2017,,,
3/10/2017,,,
4/10/2017,,,
5/10/2017,,,
6/10/2017,,,
7/10/2017,,,
8/10/2017,,,
9/10/2017,,-1230,-1033
10/10/2017,,-1068,-1151
11/10/2017,,-1211,-1300
12/10/2017,,-1173,-1079
13/10/2017,,-1082,-947
14/10/2017,,,
15/10/2017,,,
16/10/2017,,-995,-1089
17/10/2017,,-1203,-1106
18/10/2017,,-1236,-1351
19/10/2017,,-1337,-1258
20/10/2017,,-1250,-1168
21/10/2017,,,
22/10/2017,,,
23/10/2017,,-1329,-1363
24/10/2017,,-1316,-1355
25/10/2017,,-1305,-1395
26/10/2017,,-1667,-1583
27/10/2017,,-1351,-1444
28/10/2017,,,
29/10/2017,,,
30/10/2017,,-1524,-1503
31/10/2017,,-1552,-1531
1/11/2017,,-1383,-1543
2/11/2017,,-1729,-1674
3/11/2017,,-1665,-1691
4/11/2017,,,
5/11/2017,,,
6/11/2017,,-1786,-1752
7/11/2017,,-1655,-1822
8/11/2017,,-1676,-1800
9/11/2017,,-1602,-1835
10/11/2017,,-1789,-1857
11/11/2017,,,
12/11/2017,,,
13/11/2017,,-1777,-1895
14/11/2017,,-1788,-1925
15/11/2017,,-1779,-1756
16/11/2017,,-1761,-1818
17/11/2017,,-1865,-1894
18/11/2017,,,
19/11/2017,,,
20/11/2017,,-1864,-2025
21/11/2017,,-2022,-2145
22/11/2017,,-2184,-2125
23/11/2017,,-2177,-2125
24/11/2017,,-2377,-2214
25/11/2017,,,
26/11/2017,,,
27/11/2017,,-2291,-2241
28/11/2017,,-2563,-2524
29/11/2017,,-2591,-2518
30/11/2017,,-2544,-2137
1/12/2017,,-2380,-2158
2/12/2017,,,
3/12/2017,,,
4/12/2017,,-2581,-2402
5/12/2017,,-2350,-2431
6/12/2017,,-2570,-2498
7/12/2017,,-2417,-2429
8/12/2017,,-2527,-2405
9/12/2017,,,
10/12/2017,,,
11/12/2017,,-2361,-2371
12/12/2017,,-2453,-2423
13/12/2017,,-2445,-2393
14/12/2017,,-2428,-2386
15/12/2017,,-2527,
16/12/2017,,,
17/12/2017,,,
18/12/2017,,-2591,-2388
19/12/2017,,-2563,-2442
20/12/2017,,-2545,-2313
21/12/2017,,-2823,-2542
22/12/2017,,-3006,-2724
23/12/2017,,,
24/12/2017,,,
25/12/2017,,,-2939
26/12/2017,,,-3027
27/12/2017,,-3248,-2819
28/12/2017,,-3651,-2986
29/12/2017,,-3280,-2869
30/12/2017,,,
31/12/2017,,,
1/1/2018,,,
2/1/2018,-290,-3382,-3045
3/1/2018,-310,-3192,-2904
4/1/2018,-280,-3140,-2803
5/1/2018,-190,-3071,-2837
6/1/2018,,,
7/1/2018,,,
8/1/2018,-160,-2801,-2701
9/1/2018,-140,-2740,-2642
10/1/2018,-130,-2528,-2454
11/1/2018,-90,-2645,-2503
12/1/2018,-90,-2612,-2517
13/1/2018,,,
14/1/2018,,,
15/1/2018,-130,-2750,-2725
16/1/2018,-100,-2765,-2795
17/1/2018,-120,-2871,-2690
18/1/2018,-140,-2931,-2734
19/1/2018,-180,-3386,-3104
20/1/2018,,,
21/1/2018,,,
22/1/2018,-180,-3331,-3084
23/1/2018,-150,-3285,-3066
24/1/2018,-140,-2957,-2780
25/1/2018,-100,-3048,-2908
26/1/2018,-100,-2903,-2822
27/1/2018,,,
28/1/2018,,,
29/1/2018,-130,-3068,-2958
30/1/2018,-120,-2848,-2843
31/1/2018,-120,-2976,-2831
1/2/2018,-100,-2971,-2810
2/2/2018,-90,-3071,-2967
3/2/2018,,,
4/2/2018,,,
5/2/2018,-120,-2983,-2869
6/2/2018,-100,-2879,-2831
7/2/2018,-110,-2877,-2867
8/2/2018,-100,-2850,-2838
9/2/2018,-110,-2859,-2713
10/2/2018,,,
11/2/2018,,,
12/2/2018,-190,-2862,-2362
13/2/2018,-340,-2622,-2450
14/2/2018,-210,-2621,-2517
15/2/2018,,,
16/2/2018,,,
17/2/2018,,,
18/2/2018,,,
19/2/2018,,,
20/2/2018,,,
21/2/2018,,,
22/2/2018,-270,-3423,-2851
23/2/2018,-240,-3407,-2777
24/2/2018,,,
25/2/2018,,,
26/2/2018,-250,-3115,-2496
27/2/2018,-160,-3005,-2531
28/2/2018,-150,-2947,-2505
1/3/2018,-130,-2768,-2505
2/3/2018,-140,-2571,-2444
3/3/2018,,,
4/3/2018,,,
5/3/2018,-130,-2698,-2535
6/3/2018,-120,-2572,-2445
7/3/2018,-140,-2485,-2555
8/3/2018,-110,-2439,-2400
9/3/2018,-120,-2279,-2435
10/3/2018,,,
11/3/2018,,,
12/3/2018,-90,-2493,-2506
13/3/2018,-70,-2473,-2609
14/3/2018,-70,-2549,-2558
15/3/2018,-40,-2473,-2518
16/3/2018,-140,-2474,-2374
17/3/2018,,,
18/3/2018,,,
19/3/2018,-140,-2370,-2311
20/3/2018,-150,-2398,-2377
21/3/2018,-110,-2522,-2444
22/3/2018,-120,-2668,-2626
23/3/2018,-90,-2569,-2514
24/3/2018,,,
25/3/2018,,,
26/3/2018,-70,-2321,-2330
27/3/2018,-80,-2369,-2399
28/3/2018,-80,-2264,-2300
29/3/2018,-90,-2101,-2119
30/3/2018,-80,-1969,-1962
31/3/2018,,,
1/4/2018,,,
2/4/2018,-60,-1891,-1768
3/4/2018,-85,-1814,-1852
4/4/2018,-20,-1572,-1691
5/4/2018,,,
6/4/2018,,,
7/4/2018,,,
8/4/2018,,,
9/4/2018,-60,-2621,-2360
10/4/2018,-100,-2720,-2578
11/4/2018,-90,-3246,-3129
12/4/2018,-50,-3656,-3175
13/4/2018,-80,-3374,-3305
14/4/2018,,,
15/4/2018,,,
16/4/2018,-80,-3627,-3429
17/4/2018,-50,-4149,-3915
18/4/2018,-40,-4306,-4089
19/4/2018,-40,-5173,-4832
20/4/2018,-20,-4256,-4048
21/4/2018,,,
22/4/2018,,,
23/4/2018,50,-4566,-4467
24/4/2018,70,-3035,-3127
25/4/2018,70,-2944,-2973
26/4/2018,40,-3171,-3152
27/4/2018,40,-3389,-3353
28/4/2018,,,
29/4/2018,,,
30/4/2018,,,
1/5/2018,,,
2/5/2018,,-3340,-3285
3/5/2018,,-3774,-3589
4/5/2018,,-3754,-3491
5/5/2018,,,
6/5/2018,,,
7/5/2018,-40,,-3713
8/5/2018,-20,-4063,-3856
9/5/2018,-10,-3877,-3863
10/5/2018,-10,-3683,-3671
11/5/2018,0,-3244,-3356
12/5/2018,,,
13/5/2018,,,
14/5/2018,-20,-3305,-3275
15/5/2018,0,-3626,-3558
16/5/2018,-60,-3719,-3407
17/5/2018,-90,-3531,-3344
18/5/2018,-70,-3152,-3003
19/5/2018,,,
20/5/2018,,,
21/5/2018,-70,-3180,-3079
22/5/2018,-60,-3128,-3205
23/5/2018,-60,,
24/5/2018,-50,-3202,-3097
25/5/2018,-50,-3252,-3216
26/5/2018,,,
27/5/2018,,,
28/5/2018,-60,,-3120
29/5/2018,-50,-3202,-3248
30/5/2018,-50,-3287,-3260
31/5/2018,-60,-3307,-3390
1/6/2018,-30,-3724,-3546
2/6/2018,,,
3/6/2018,,,
4/6/2018,-50,-3655,-3521
5/6/2018,-40,-3739,-3615
6/6/2018,-50,-3715,-3508
7/6/2018,-40,-3534,-3434
8/6/2018,-40,-3279,-3236
9/6/2018,,,
10/6/2018,,,
11/6/2018,-40,-3438,-3346
12/6/2018,-20,-3487,-3446
13/6/2018,-10,-3492,-3398
14/6/2018,0,-3412,-3454
15/6/2018,10,-3467,-3485
16/6/2018,,,
17/6/2018,,,
18/6/2018,,,
19/6/2018,-70,-3343,-3592
20/6/2018,-30,-3365,-3332
21/6/2018,-30,-3338,-3310
22/6/2018,-30,-3418,-3352
23/6/2018,,,
24/6/2018,,,
25/6/2018,-30,-3463,-3446
26/6/2018,-60,-3524,-3460
27/6/2018,-50,-3826,-3636
28/6/2018,-60,-3852,-3617
29/6/2018,-50,-3849,-3548
30/6/2018,,,
1/7/2018,,,
2/7/2018,-60,-3780,-3561
3/7/2018,-40,-3606,-3386
4/7/2018,-40,-3509,-3314
5/7/2018,-30,-3442,-3267
6/7/2018,-20,-3469,-3182
7/7/2018,,,
8/7/2018,,,
9/7/2018,-40,-3461,-3159
10/7/2018,-40,-3656,-3311
11/7/2018,-10,-3566,-3258
12/7/2018,-10,-3521,-3087
13/7/2018,0,-3242,-3006
14/7/2018,,,
15/7/2018,,,
16/7/2018,0,-3416,-2968
17/7/2018,-60,-3443,-3055
18/7/2018,-60,-3226,-2949
19/7/2018,-60,-3397,-2978
20/7/2018,-60,-3370,-2847
21/7/2018,,,
22/7/2018,,,
23/7/2018,-60,-3114,-3034
24/7/2018,-70,-3065,-3041
25/7/2018,-80,-3064,-3021
26/7/2018,-70,-3163,-3138
27/7/2018,-80,-3039,-2910
28/7/2018,,,
29/7/2018,,,
30/7/2018,-80,-2830,-2825
31/7/2018,-70,-2974,-2891
1/8/2018,-60,-2879,-2915
2/8/2018,-60,-2864,-3053
3/8/2018,-60,-2629,-2731
4/8/2018,,,
5/8/2018,,,
6/8/2018,-50,-2585,-2666
7/8/2018,-50,-2681,-2674
8/8/2018,-50,-2644,-2612
9/8/2018,-40,-2986,-3041
10/8/2018,-40,-2711,-2801
11/8/2018,,,
12/8/2018,,,
13/8/2018,-30,-2973,-2974
14/8/2018,-30,-2809,-2900
15/8/2018,-10,-2720,-2958
16/8/2018,-50,-2722,-2766
17/8/2018,-50,-2541,-2590
18/8/2018,,,
19/8/2018,,,
20/8/2018,-40,-2710,-2697
21/8/2018,-50,-2625,-2637
22/8/2018,-50,-2508,-2662
23/8/2018,-45,-2578,-2717
24/8/2018,-50,-2546,-2530
25/8/2018,,,
26/8/2018,,,
27/8/2018,-50,,-2617
28/8/2018,-60,-2715,-2535
29/8/2018,-70,-2723,-2826
30/8/2018,-50,-3128,-3195
31/8/2018,-50,-2909,-2986
1/9/2018,,,
2/9/2018,,,
3/9/2018,-40,-2748,-2869
4/9/2018,-20,-2614,-2790
5/9/2018,-20,-2473,-2720
6/9/2018,-20,-2419,-2730
7/9/2018,-10,-2287,-2680
8/9/2018,,,
9/9/2018,,,
10/9/2018,0,-2289,-2681
11/9/2018,-10,-2671,-2967
12/9/2018,0,-2470,-2771
13/9/2018,10,-2435,-2764
14/9/2018,0,-2451,-2761
15/9/2018,,,
16/9/2018,,,
17/9/2018,0,-2234,-2650
18/9/2018,0,-2450,-2718
19/9/2018,0,-2384,-2667
20/9/2018,0,-2294,-2584
21/9/2018,-20,-2394,-2713
22/9/2018,,,
23/9/2018,,,
24/9/2018,,,
25/9/2018,-30,-2433,-2671
26/9/2018,-30,-2659,-2846
27/9/2018,-20,-2741,-3009
28/9/2018,-20,-2704,-2847
29/9/2018,,,
30/9/2018,,,
1/10/2018,,,
2/10/2018,,,
3/10/2018,,,
4/10/2018,,,
5/10/2018,,,
6/10/2018,,,
7/10/2018,,,
8/10/2018,-30,-3155,-3133
9/10/2018,-40,-2943,-2974
10/10/2018,-30,-2895,-3054
11/10/2018,-30,-2844,-2950
12/10/2018,-20,-3001,-2993
13/10/2018,,,
14/10/2018,,,
15/10/2018,-10,-3106,-3125
16/10/2018,-50,-2966,-3035
17/10/2018,-50,-2967,-3106
18/10/2018,-50,-2966,-3060
19/10/2018,-40,-3036,-3088
20/10/2018,,,
21/10/2018,,,
22/10/2018,-30,-3003,-3113
23/10/2018,-30,-2821,-2989
24/10/2018,-40,-2795,-3019
25/10/2018,-40,-2749,-2922
26/10/2018,-40,-2715,-2871
27/10/2018,,,
28/10/2018,,,
29/10/2018,-50,-2762,-2970
30/10/2018,-40,-2693,-2932
31/10/2018,-40,-2630,-2901
1/11/2018,-40,-2711,-2807
2/11/2018,-40,-2942,-2930
3/11/2018,,,
4/11/2018,,,
5/11/2018,-40,-2782,-2915
6/11/2018,-40,-2757,-2885
7/11/2018,-30,-2714,-2760
8/11/2018,-30,-2901,-2972
9/11/2018,-20,-2967,-3033
10/11/2018,,,
11/11/2018,,,
12/11/2018,-20,-2769,-2914
13/11/2018,0,-2766,-2811
14/11/2018,20,-2687,-2871
15/11/2018,30,-2770,-2840
16/11/2018,-40,-2737,-2771
17/11/2018,,,
18/11/2018,,,
19/11/2018,-40,-2683,-2754
20/11/2018,-40,-2691,-2819
21/11/2018,-40,-2710,-2798
22/11/2018,-30,-2800,-2870
23/11/2018,-30,-2651,-2841
24/11/2018,,,
25/11/2018,,,
26/11/2018,-50,-2757,-2847
27/11/2018,-40,-2776,-2857
28/11/2018,-30,-2742,-2757
29/11/2018,-40,-2868,-2807
30/11/2018,-40,-3007,-2945
1/12/2018,,,
2/12/2018,,,
3/12/2018,-70,-2987,-2873
4/12/2018,-50,-2906,-2829
5/12/2018,-40,-2895,-2842
6/12/2018,-30,-2957,-2904
7/12/2018,0,-2963,-2890
8/12/2018,,,
9/12/2018,,,
10/12/2018,0,-2854,-2907
11/12/2018,0,-2766,-2839
12/12/2018,0,-2695,-2786
13/12/2018,0,-2723,-2795
14/12/2018,0,-2666,-2751
15/12/2018,,,
16/12/2018,,,
17/12/2018,10,-2794,-2710
18/12/2018,-60,-2717,-2647
19/12/2018,-60,-2703,-2651
20/12/2018,-60,-2683,-2516
21/12/2018,-50,-2675,-2530
22/12/2018,,,
23/12/2018,,,
24/12/2018,-70,-2598,-2445
25/12/2018,-70,,-2188
26/12/2018,-100,,-2169
27/12/2018,-100,-2560,-2415
28/12/2018,-60,-2463,-2215
29/12/2018,,,
30/12/2018,,,
31/12/2018,,,
1/1/2019,,,
2/1/2019,-70,-2413,-2295
3/1/2019,-40,-2062,-1964
4/1/2019,-20,-2282,-2138
5/1/2019,,,
6/1/2019,,,
7/1/2019,-30,-2291,-2283
8/1/2019,-20,-2161,-2268
9/1/2019,-20,-2184,-2172
10/1/2019,-20,-1951,-2063
11/1/2019,0,-1921,-2059
12/1/2019,,,
13/1/2019,,,
14/1/2019,0,-1720,-1933
15/1/2019,0,-1762,-1887
16/1/2019,-50,-1997,-2014
17/1/2019,-40,-1904,-1915
18/1/2019,-40,-1989,-2023
19/1/2019,,,
20/1/2019,,,
21/1/2019,-60,-2077,-2015
22/1/2019,-50,-2039,-2041
23/1/2019,-50,-2239,-2196
24/1/2019,-50,-2107,-2169
25/1/2019,-60,-2021,-2044
26/1/2019,,,
27/1/2019,,,
28/1/2019,-80,-2090,-2197
29/1/2019,-60,-2016,-2016
30/1/2019,-60,-2022,-2045
31/1/2019,-60,-2099,-2122
1/2/2019,-50,-2194,-2163
2/2/2019,,,
3/2/2019,,,
4/2/2019,,,
5/2/2019,,,
6/2/2019,,,
7/2/2019,,,
8/2/2019,,,
9/2/2019,,,
10/2/2019,,,
11/2/2019,-100,-2129,-2215
12/2/2019,-60,-2072,-2187
13/2/2019,-30,-1923,-2075
14/2/2019,-10,-1882,-2015
15/2/2019,0,-1749,-1916
16/2/2019,,,
17/2/2019,,,
18/2/2019,-50,-1845,-2017
19/2/2019,-50,-1836,-1922
20/2/2019,-50,-1861,-1910
21/2/2019,-50,-1876,-1944
22/2/2019,-70,-1969,-2007
23/2/2019,,,
24/2/2019,,,
25/2/2019,-70,-1964,-2009
26/2/2019,-70,-1856,-1951
27/2/2019,-60,-1849,-1987
28/2/2019,-50,-1919,-2048
1/3/2019,-40,-1980,-2053
2/3/2019,,,
3/3/2019,,,
4/3/2019,-40,-1924,-1984
5/3/2019,-40,-1615,-1946
6/3/2019,-30,-1510,-1914
7/3/2019,-20,-1598,-1994
8/3/2019,-20,-1585,-1985
9/3/2019,,,
10/3/2019,,,
11/3/2019,-30,-1701,-2051
12/3/2019,-30,-1557,-1937
13/3/2019,-30,-1640,-1953
14/3/2019,-30,-1777,-2185
15/3/2019,-30,-1821,-2147
16/3/2019,,,
17/3/2019,,,
18/3/2019,250,-1806,-2142
19/3/2019,250,-1928,-2257
20/3/2019,260,-1948,-2218
21/3/2019,260,-1793,-2188
22/3/2019,290,-1580,-2038
23/3/2019,,,
24/3/2019,,,
25/3/2019,320,-1491,-2038
26/3/2019,330,-1576,-2061
27/3/2019,280,-1780,-2164
28/3/2019,280,-1846,-2195
29/3/2019,270,-1824,-2158
30/3/2019,,,
31/3/2019,,,
1/4/2019,-20,-1690,-1709
2/4/2019,-10,-1360,-1526
3/4/2019,-10,-1414,-1523
4/4/2019,0,-1341,-1500
5/4/2019,,,
6/4/2019,,,
7/4/2019,,,
8/4/2019,-10,-1281,-1482
9/4/2019,10,-1220,-1386
10/4/2019,0,-1191,-1351
11/4/2019,0,-1164,-1304
12/4/2019,0,-1077,-1224
13/4/2019,,,
14/4/2019,,,
15/4/2019,10,-1087,-1178
16/4/2019,-10,-1159,-1209
17/4/2019,-10,-965,-1030
18/4/2019,-10,-839,-918
19/4/2019,0,,-1050
20/4/2019,,,
21/4/2019,,,
22/4/2019,-10,,-955
23/4/2019,0,-908,-1058
24/4/2019,-10,-934,-1082
25/4/2019,-20,-937,-1049
26/4/2019,-10,-861,-1001
27/4/2019,,,
28/4/2019,,,
29/4/2019,-10,-697,-777
30/4/2019,0,-518,-640
1/5/2019,,,
2/5/2019,,,
3/5/2019,,,
4/5/2019,,,
5/5/2019,,,
6/5/2019,0,,-780
7/5/2019,10,-401,-712
8/5/2019,20,-580,-941
9/5/2019,30,-466,-861
10/5/2019,30,-527,-840
11/5/2019,,,
12/5/2019,,,
13/5/2019,20,-435,-828
14/5/2019,10,-541,-929
15/5/2019,0,-618,-938
16/5/2019,0,-764,-1124
17/5/2019,0,-836,-1177
18/5/2019,,,
19/5/2019,,,
20/5/2019,0,-666,-992
21/5/2019,0,-417,-777
22/5/2019,10,-447,-876
23/5/2019,20,-413,-779
24/5/2019,10,-532,-835
25/5/2019,,,
26/5/2019,,,
27/5/2019,20,,-708
28/5/2019,20,-454,-800
29/5/2019,20,-524,-875
30/5/2019,20,-531,-852
31/5/2019,10,-481,-774
1/6/2019,,,
2/6/2019,,,
3/6/2019,20,-561,-853
4/6/2019,10,-486,-764
5/6/2019,20,-566,-856
6/6/2019,20,-457,-861
7/6/2019,,,
8/6/2019,,,
9/6/2019,,,
10/6/2019,20,-460,-843
11/6/2019,10,-570,-916
12/6/2019,20,-517,-930
13/6/2019,20,-615,-983
14/6/2019,10,-627,-959
15/6/2019,,,
16/6/2019,,,
17/6/2019,10,-559,-916
18/6/2019,20,-615,-953
19/6/2019,10,-730,-1009
20/6/2019,10,-741,-1029
21/6/2019,10,-656,-1003
22/6/2019,,,
23/6/2019,,,
24/6/2019,20,-673,-919
25/6/2019,10,-866,-1079
26/6/2019,10,-936,-1203
27/6/2019,0,-986,-1176
28/6/2019,0,-922,-1075
29/6/2019,,,
30/6/2019,,,
1/7/2019,0,-1043,-1255
2/7/2019,0,-1073,-1235
3/7/2019,0,-995,-1147
4/7/2019,10,-944,-1093
5/7/2019,0,-1122,-1283
6/7/2019,,,
7/7/2019,,,
8/7/2019,0,-1117,-1257
9/7/2019,0,-1259,-1305
10/7/2019,0,-1317,-1305
11/7/2019,0,-1362,-1505
12/7/2019,0,-1268,-1337
13/7/2019,,,
14/7/2019,,,
15/7/2019,0,-1235,-1310
16/7/2019,0,-1336,-1422
17/7/2019,-10,-1318,-1406
18/7/2019,-10,-1301,-1407
19/7/2019,-20,-1236,-1411
20/7/2019,,,
21/7/2019,,,
22/7/2019,0,-1220,-1404
23/7/2019,0,-1072,-1329
24/7/2019,0,-1144,-1359
25/7/2019,0,-997,-1189
26/7/2019,10,-934,-1197
27/7/2019,,,
28/7/2019,,,
29/7/2019,10,-944,-1128
30/7/2019,10,-927,-1121
31/7/2019,10,-833,-1140
1/8/2019,10,-815,-1165
2/8/2019,20,-826,-1189
3/8/2019,,,
4/8/2019,,,
5/8/2019,20,-938,-1241
6/8/2019,20,-795,-1143
7/8/2019,30,-838,-1234
8/8/2019,30,-876,-1169
9/8/2019,30,-928,-1267
10/8/2019,,,
11/8/2019,,,
12/8/2019,30,-967,-1077
13/8/2019,10,-524,-770
14/8/2019,40,-684,-987
15/8/2019,20,-605,-898
16/8/2019,10,-565,-939
17/8/2019,,,
18/8/2019,,,
19/8/2019,0,-731,-937
20/8/2019,0,-582,-957
21/8/2019,10,-604,-913
22/8/2019,10,-533,-839
23/8/2019,20,-579,-945
24/8/2019,,,
25/8/2019,,,
26/8/2019,20,,-1054
27/8/2019,20,-664,-974
28/8/2019,30,-577,-932
29/8/2019,30,-489,-809
30/8/2019,20,-554,-888
31/8/2019,,,
1/9/2019,,,
2/9/2019,20,-576,-846
3/9/2019,30,-494,-832
4/9/2019,40,-467,-789
5/9/2019,30,-558,-859
6/9/2019,30,-577,-827
7/9/2019,,,
8/9/2019,,,
9/9/2019,30,-661,-867
10/9/2019,30,-728,-1001
11/9/2019,0,-853,-1139
12/9/2019,-20,-673,-1069
13/9/2019,,,
14/9/2019,,,
15/9/2019,,,
16/9/2019,-30,-620,-994
17/9/2019,30,-608,-986
18/9/2019,40,-615,-1044
19/9/2019,40,-731,-1113
20/9/2019,30,-798,-1147
21/9/2019,,,
22/9/2019,,,
23/9/2019,30,-769,-1068
24/9/2019,40,-695,-1055
25/9/2019,40,-581,-980
26/9/2019,40,-623,-953
27/9/2019,30,-717,-1019
28/9/2019,,,
29/9/2019,,,
30/9/2019,30,-779,-944
1/10/2019,,,
2/10/2019,,,
3/10/2019,,,
4/10/2019,,,
5/10/2019,,,
6/10/2019,,,
7/10/2019,,,
8/10/2019,20,-844,-1056
9/10/2019,30,-774,-1009
10/10/2019,30,-766,-897
11/10/2019,30,-792,-1022
12/10/2019,,,
13/10/2019,,,
14/10/2019,10,-679,-843
15/10/2019,40,-686,-790
16/10/2019,40,-748,-867
17/10/2019,50,-630,-812
18/10/2019,60,-586,-778
19/10/2019,,,
20/10/2019,,,
21/10/2019,70,-620,-900
22/10/2019,60,-628,-853
23/10/2019,80,-531,-783
24/10/2019,100,-571,-865
25/10/2019,110,-507,-769
26/10/2019,,,
27/10/2019,,,
28/10/2019,90,-607,-891
29/10/2019,110,-717,-954
30/10/2019,90,-757,-971
31/10/2019,90,-805,-1015
1/11/2019,90,-847,-1005
2/11/2019,,,
3/11/2019,,,
4/11/2019,80,-1015,-1170
5/11/2019,70,-1059,-1247
6/11/2019,70,-1064,-1293
7/11/2019,10,-935,-1145
8/11/2019,-50,-945,-1201
9/11/2019,,,
10/11/2019,,,
11/11/2019,-60,-994,-1280
12/11/2019,-120,-989,-1207
13/11/2019,-190,-958,-1156
14/11/2019,-260,-839,-1132
15/11/2019,-480,-708,-961
16/11/2019,,,
17/11/2019,,,
18/11/2019,110,-806,-966
19/11/2019,110,-678,-917
20/11/2019,110,-694,-840
21/11/2019,100,-654,-859
22/11/2019,100,-696,-874
23/11/2019,,,
24/11/2019,,,
25/11/2019,90,-626,-882
26/11/2019,90,-687,-861
27/11/2019,80,-872,-1054
28/11/2019,80,-959,-1102
29/11/2019,90,-944,-976
30/11/2019,,,
1/12/2019,,,
2/12/2019,70,-955,-994
3/12/2019,70,-971,-1205
4/12/2019,70,-776,-1022
5/12/2019,60,-697,-983
6/12/2019,60,-651,-936
7/12/2019,,,
8/12/2019,,,
9/12/2019,50,-765,-997
10/12/2019,30,-635,-905
11/12/2019,30,-597,-898
12/12/2019,20,-589,-806
13/12/2019,10,-776,-1005
14/12/2019,,,
15/12/2019,,,
16/12/2019,10,-741,-903
17/12/2019,100,-662,-959
18/12/2019,140,-348,-893
19/12/2019,150,-321,-842
20/12/2019,150,-444,-1047
21/12/2019,,,
22/12/2019,,,
23/12/2019,150,-425,-994
24/12/2019,140,-496,-1015
25/12/2019,140,,-1104
26/12/2019,170,,-1271
27/12/2019,170,-500,-1146
28/12/2019,,,
29/12/2019,,,
30/12/2019,170,-500,-1212
31/12/2019,160,-428,-1168
1/1/2020,,,
2/1/2020,160,-341,-1136
3/1/2020,160,-243,-1079
4/1/2020,,,
5/1/2020,,,
6/1/2020,110,-411,-1202
7/1/2020,100,-522,-1225
8/1/2020,100,-474,-1111
9/1/2020,70,-315,-1053
10/1/2020,10,-277,-912
11/1/2020,,,
12/1/2020,,,
13/1/2020,-50,-359,-987
14/1/2020,-190,-363,-985
15/1/2020,-310,-515,-966
16/1/2020,160,-499,-759
17/1/2020,100,-251,-798
18/1/2020,,,
19/1/2020,,,
20/1/2020,0,-511,-822
21/1/2020,-70,-748,-982
22/1/2020,-80,-913,-1054
23/1/2020,-90,-829,-1000
24/1/2020,,,
25/1/2020,,,
26/1/2020,,,
27/1/2020,,,
28/1/2020,,,
29/1/2020,,,
30/1/2020,,,
31/1/2020,,,
1/2/2020,,,
2/2/2020,,,
3/2/2020,-90,-800,-1018
4/2/2020,-110,-679,-728
5/2/2020,-120,-682,-721
6/2/2020,-120,-816,-877
7/2/2020,-120,-943,-1001
8/2/2020,,,
9/2/2020,,,
10/2/2020,-70,-718,-820
11/2/2020,-60,-525,-744
12/2/2020,-60,-722,-824
13/2/2020,-60,-708,-861
14/2/2020,-50,-858,-957
15/2/2020,,,
16/2/2020,,,
17/2/2020,-10,-712,-845
18/2/2020,-80,-695,-856
19/2/2020,-80,-665,-868
20/2/2020,-90,-725,-908
21/2/2020,-70,-720,-871
22/2/2020,,,
23/2/2020,,,
24/2/2020,-50,-797,-887
25/2/2020,-50,-781,-846
26/2/2020,-50,-766,-885
27/2/2020,-40,,-870
28/2/2020,-60,,-910
29/2/2020,,,
1/3/2020,,,
2/3/2020,-80,-1126,-1013
3/3/2020,-90,-1152,-1090
4/3/2020,-80,-1297,-1159
5/3/2020,-50,-1241,-1238
6/3/2020,-50,-1054,-1139
7/3/2020,,,
8/3/2020,,,
9/3/2020,-30,-986,-1144
10/3/2020,-10,-1232,-1260
11/3/2020,-20,-1222,-1280
12/3/2020,-20,-1283,-1321
13/3/2020,-20,-1366,-1300
14/3/2020,,,
15/3/2020,,,
16/3/2020,-30,-1252,-1384
17/3/2020,-70,-1352,-1394
18/3/2020,-70,-1189,-1625
19/3/2020,-30,-1774,-1888
20/3/2020,-80,-1838,-1838
21/3/2020,,,
22/3/2020,,,
23/3/2020,-80,-1783,-1934
24/3/2020,-90,-1790,-1828
25/3/2020,-90,-1793,-1695
26/3/2020,-90,-1389,-1512
27/3/2020,-80,-1536,-1521
28/3/2020,,,
29/3/2020,,,
30/3/2020,-80,-1491,-1718
31/3/2020,-70,-1397,-1586
1/4/2020,-50,-1291,-1677
2/4/2020,-20,-1224,-1324
3/4/2020,-10,-1030,-1395
4/4/2020,,,
5/4/2020,,,
6/4/2020,,,
7/4/2020,0,-748,-1118
8/4/2020,-10,-835,-1109
9/4/2020,-10,-710,-1019
10/4/2020,-10,,
11/4/2020,,,
12/4/2020,,,
13/4/2020,-20,,
14/4/2020,-10,-732,-1098
15/4/2020,-10,-784,-1064
16/4/2020,-10,-694,-944
17/4/2020,10,-613,-685
18/4/2020,,,
19/4/2020,,,
20/4/2020,20,-33,-583
21/4/2020,40,-133,-656
22/4/2020,50,-190,-660
23/4/2020,50,-169,-817
24/4/2020,50,-131,-696
25/4/2020,,,
26/4/2020,,,
27/4/2020,60,-166,-669
28/4/2020,60,16,-560
29/4/2020,70,241,-387
30/4/2020,70,255,-373
1/5/2020,,,
2/5/2020,,,
3/5/2020,,,
4/5/2020,,,
5/5/2020,,,
6/5/2020,70,536,-228
7/5/2020,90,624,-233
8/5/2020,110,,-344
9/5/2020,,,
10/5/2020,,,
11/5/2020,100,549,-280
12/5/2020,10,633,-374
13/5/2020,10,424,-190
14/5/2020,10,437,-172
15/5/2020,-10,610,-167
16/5/2020,,,
17/5/2020,,,
18/5/2020,150,791,-112
19/5/2020,220,915,-249
20/5/2020,230,916,-165
21/5/2020,200,688,-433
22/5/2020,150,321,-457
23/5/2020,,,
24/5/2020,,,
25/5/2020,100,,-344
26/5/2020,90,473,-365
27/5/2020,90,339,-435
28/5/2020,120,379,-358
29/5/2020,110,302,-323
30/5/2020,,,
31/5/2020,,,
1/6/2020,110,310,-465
2/6/2020,110,198,-633
3/6/2020,120,74,-583
4/6/2020,110,84,-655
5/6/2020,110,42,-646
6/6/2020,,,
7/6/2020,,,
8/6/2020,60,68,-611
9/6/2020,-40,143,-615
10/6/2020,-30,104,-463
11/6/2020,-80,150,-674
12/6/2020,-60,175,-471
13/6/2020,,,
14/6/2020,,,
15/6/2020,-10,382,-291
16/6/2020,180,225,-561
17/6/2020,200,399,-678
18/6/2020,200,160,-591
19/6/2020,180,169,-545
20/6/2020,,,
21/6/2020,,,
22/6/2020,200,320,-306
23/6/2020,220,373,-372
24/6/2020,220,357,-456
25/6/2020,,,
26/6/2020,,,
27/6/2020,,,
28/6/2020,,,
29/6/2020,210,321,-394
30/6/2020,190,420,-322
1/7/2020,160,526,-213
2/7/2020,130,595,-259
3/7/2020,120,658,-223
4/7/2020,,,
5/7/2020,,,
6/7/2020,80,791,-78
7/7/2020,20,718,-216
8/7/2020,20,559,-142
9/7/2020,60,389,-314
10/7/2020,120,772,-157
11/7/2020,,,
12/7/2020,,,
13/7/2020,60,1104,-191
14/7/2020,0,793,-258
15/7/2020,0,716,-252
16/7/2020,250,624,-550
17/7/2020,280,488,-477
18/7/2020,,,
19/7/2020,,,
20/7/2020,260,608,-457
21/7/2020,200,485,-468
22/7/2020,150,276,-667
23/7/2020,130,443,-510
24/7/2020,130,379,-526
25/7/2020,,,
26/7/2020,,,
27/7/2020,100,358,-563
28/7/2020,90,417,-499
29/7/2020,100,369,-490
30/7/2020,60,531,-321
31/7/2020,50,644,-313
1/8/2020,,,
2/8/2020,,,
3/8/2020,40,606,-282
4/8/2020,20,483,-395
5/8/2020,30,326,-473
6/8/2020,30,0,-611
7/8/2020,50,-20,-659
8/8/2020,,,
9/8/2020,,,
10/8/2020,70,5,-693
11/8/2020,90,-262,-959
12/8/2020,80,-242,-895
13/8/2020,60,-181,-927
14/8/2020,50,-68,-691
15/8/2020,,,
16/8/2020,,,
17/8/2020,10,-77,-593
18/8/2020,120,5,-700
19/8/2020,100,-46,-752
20/8/2020,100,97,-697
21/8/2020,70,60,-758
22/8/2020,,,
23/8/2020,,,
24/8/2020,50,84,-613
25/8/2020,50,232,-609
26/8/2020,40,170,-496
27/8/2020,40,185,-494
28/8/2020,30,191,-381
29/8/2020,,,
30/8/2020,,,
31/8/2020,30,,-538
1/9/2020,20,73,-590
2/9/2020,10,-177,-678
3/9/2020,20,69,-609
4/9/2020,60,78,-617
5/9/2020,,,
6/9/2020,,,
7/9/2020,100,261,-517
8/9/2020,100,194,-552
9/9/2020,60,166,-557
10/9/2020,50,243,-512
11/9/2020,30,256,-631
12/9/2020,,,
13/9/2020,,,
14/9/2020,60,254,-352
15/9/2020,40,149,-448
16/9/2020,120,337,-441
17/9/2020,120,377,-399
18/9/2020,130,466,-442
19/9/2020,,,
20/9/2020,,,
21/9/2020,120,330,-520
22/9/2020,110,544,-395
23/9/2020,120,325,-607
24/9/2020,230,256,-773
25/9/2020,310,169,-632
26/9/2020,,,
27/9/2020,,,
28/9/2020,340,336,-557
29/9/2020,290,410,-620
30/9/2020,260,483,-572
1/10/2020,,,
2/10/2020,,,
3/10/2020,,,
4/10/2020,,,
5/10/2020,,,
6/10/2020,,,
7/10/2020,,,
8/10/2020,,,
9/10/2020,210,359,-454
10/10/2020,,,
11/10/2020,,,
12/10/2020,170,43,-733
13/10/2020,160,39,-735
14/10/2020,100,177,-598
15/10/2020,40,139,-535
16/10/2020,270,97,-747
17/10/2020,,,
18/10/2020,,,
19/10/2020,200,218,-696
20/10/2020,190,232,-591
21/10/2020,210,176,-586
22/10/2020,210,225,-616
23/10/2020,210,204,-616
24/10/2020,,,
25/10/2020,,,
26/10/2020,160,166,-683
27/10/2020,140,249,-544
28/10/2020,150,105,-616
29/10/2020,180,71,-518
30/10/2020,200,308,-485
31/10/2020,,,
1/11/2020,,,
2/11/2020,190,172,-360
3/11/2020,160,112,-589
4/11/2020,160,114,-505
5/11/2020,100,91,-523
6/11/2020,80,155,-459
7/11/2020,,,
8/11/2020,,,
9/11/2020,60,102,-639
10/11/2020,40,233,-456
11/11/2020,20,257,-388
12/11/2020,0,351,-261
13/11/2020,10,408,-147
14/11/2020,,,
15/11/2020,,,
16/11/2020,0,444,-283
17/11/2020,180,383,-486
18/11/2020,210,254,-384
19/11/2020,160,308,-498
20/11/2020,170,310,-318
21/11/2020,,,
22/11/2020,,,
23/11/2020,120,408,-349
24/11/2020,120,389,-264
25/11/2020,110,359,-307
26/11/2020,120,480,-194
27/11/2020,140,594,-42
28/11/2020,,,
29/11/2020,,,
30/11/2020,190,802,112
1/12/2020,150,806,88
2/12/2020,110,699,98
3/12/2020,90,911,-141
4/12/2020,110,624,-4
5/12/2020,,,
6/12/2020,,,
7/12/2020,100,712,-153
8/12/2020,150,750,-85
9/12/2020,150,600,-243
10/12/2020,140,526,-131
11/12/2020,50,734,-302
12/12/2020,,,
13/12/2020,,,
14/12/2020,50,584,-142
15/12/2020,30,550,-163
16/12/2020,260,667,-178
17/12/2020,270,641,-180
18/12/2020,250,617,-133
19/12/2020,,,
20/12/2020,,,
21/12/2020,250,528,-194
22/12/2020,240,642,-345
23/12/2020,230,333,-313
24/12/2020,250,341,-227
25/12/2020,240,,-319
26/12/2020,,,
27/12/2020,,,
28/12/2020,190,,-719
29/12/2020,150,163,-584
30/12/2020,80,9,-483
31/12/2020,50,24,-482
1/1/2021,,,
2/1/2021,,,
3/1/2021,,,
4/1/2021,90,-9,-388
5/1/2021,80,-135,-603
6/1/2021,70,-293,-719
7/1/2021,80,-372,-760
8/1/2021,40,-167,-624
9/1/2021,,,
10/1/2021,,,
11/1/2021,40,-330,-883
12/1/2021,0,-669,-875
13/1/2021,0,-979,-1145
14/1/2021,40,-1032,-1041
15/1/2021,0,-829,-1002
16/1/2021,,,
17/1/2021,,,
18/1/2021,50,-543,-834
19/1/2021,80,-576,-763
20/1/2021,0,-762,-799
21/1/2021,140,-594,-741
22/1/2021,130,-598,-805
23/1/2021,,,
24/1/2021,,,
25/1/2021,130,-725,-853
26/1/2021,80,-776,-972
27/1/2021,50,-898,-1088
28/1/2021,20,-606,-852
29/1/2021,20,-615,-710
30/1/2021,,,
31/1/2021,,,
1/2/2021,10,-400,-496
2/2/2021,0,-168,-552
3/2/2021,0,-365,-541
4/2/2021,0,-207,-451
5/2/2021,-50,-166,-275
6/2/2021,,,
7/2/2021,,,
8/2/2021,-30,-202,-246
9/2/2021,-50,-110,-186
10/2/2021,-50,,
11/2/2021,,,
12/2/2021,,,
13/2/2021,,,
14/2/2021,,,
15/2/2021,,,
16/2/2021,,,
17/2/2021,,,
18/2/2021,-70,-397,-329
19/2/2021,-50,-159,-402
20/2/2021,,,
21/2/2021,,,
22/2/2021,-90,-5,-271
23/2/2021,-125,-35,-369
24/2/2021,10,103,-262
25/2/2021,50,207,-145
26/2/2021,-60,55,-9
27/2/2021,,,
28/2/2021,,,
1/3/2021,-50,278,-20
2/3/2021,-30,356,119
3/3/2021,-30,171,61
4/3/2021,-40,691,-54
5/3/2021,-30,127,13
6/3/2021,,,
7/3/2021,,,
8/3/2021,-30,485,-76
9/3/2021,-40,549,0
10/3/2021,-20,211,11
11/3/2021,-20,427,265
12/3/2021,-30,573,176
13/3/2021,,,
14/3/2021,,,
15/3/2021,0,629,319
16/3/2021,-40,617,35
17/3/2021,-30,66,-181
18/3/2021,-30,149,-514
19/3/2021,-30,-33,-468
20/3/2021,,,
21/3/2021,,,
22/3/2021,-30,-307,-716
23/3/2021,-40,-337,-815
24/3/2021,0,-332,-704
25/3/2021,0,-495,-1008
26/3/2021,0,-597,-873
27/3/2021,,,
28/3/2021,,,
29/3/2021,-10,-765,-1126
30/3/2021,-10,-612,-949
31/3/2021,-25,-478,-848
1/4/2021,-10,-255,-452
2/4/2021,55,,
3/4/2021,,,
4/4/2021,,,
5/4/2021,,,
6/4/2021,-30,-292,-569
7/4/2021,-30,-391,-601
8/4/2021,-30,-441,-649
9/4/2021,-20,-438,-736
10/4/2021,,,
11/4/2021,,,
12/4/2021,0,-415,-669
13/4/2021,0,-535,-534
14/4/2021,-20,-377,-516
15/4/2021,-20,-355,-402
16/4/2021,-10,-127,-550
17/4/2021,,,
18/4/2021,,,
19/4/2021,-10,-256,-426
20/4/2021,0,-200,-480
21/4/2021,0,-178,-365
22/4/2021,0,-298,-567
23/4/2021,0,-421,-495
24/4/2021,,,
25/4/2021,,,
26/4/2021,-10,-290,-426
27/4/2021,-10,-252,-379
28/4/2021,-10,-286,-373
29/4/2021,-20,-255,-201
30/4/2021,-30,-188,-101
1/5/2021,,,
2/5/2021,,,
3/5/2021,,,
4/5/2021,,,
5/5/2021,,,
6/5/2021,-50,-122,-13
7/5/2021,-60,82,93
8/5/2021,,,
9/5/2021,,,
10/5/2021,-60,76,218
11/5/2021,-60,208,14
12/5/2021,-20,351,85
13/5/2021,0,727,325
14/5/2021,-10,911,217
15/5/2021,,,
16/5/2021,,,
17/5/2021,0,670,328
18/5/2021,0,147,-406
19/5/2021,0,362,-319
20/5/2021,10,93,-294
21/5/2021,20,-125,-256
22/5/2021,,,
23/5/2021,,,
24/5/2021,30,-30,-685
25/5/2021,20,-195,-605
26/5/2021,20,-79,-663
27/5/2021,20,-242,-451
28/5/2021,10,-50,-476
29/5/2021,,,
30/5/2021,,,
31/5/2021,0,,-670
1/6/2021,0,-530,-623
2/6/2021,0,-258,-624
3/6/2021,0,-136,-631
4/6/2021,10,-366,-524
5/6/2021,,,
6/6/2021,,,
7/6/2021,10,-406,-627
8/6/2021,20,-461,-672
9/6/2021,20,-639,-679
10/6/2021,10,-505,-633
11/6/2021,-10,-545,-322
12/6/2021,,,
13/6/2021,,,
14/6/2021,,,
15/6/2021,-60,-128,-359
16/6/2021,10,-66,-603
17/6/2021,20,-544,-612
18/6/2021,20,-74,-505
19/6/2021,,,
20/6/2021,,,
21/6/2021,30,-19,-430
22/6/2021,30,-220,-479
23/6/2021,10,-19,-436
24/6/2021,10,-210,-538
25/6/2021,0,-319,-457
26/6/2021,,,
27/6/2021,,,
28/6/2021,-10,-558,-763
29/6/2021,-20,-787,-1013
30/6/2021,-40,-1019,-1260
1/7/2021,-30,-575,-922
2/7/2021,-20,-705,-742
3/7/2021,,,
4/7/2021,,,
5/7/2021,-30,-575,-703
6/7/2021,-30,-539,-839
7/7/2021,-30,-466,-684
8/7/2021,-30,-220,-549
9/7/2021,-20,-68,-361
10/7/2021,,,
11/7/2021,,,
12/7/2021,-30,-90,-370
13/7/2021,-40,-223,-450
14/7/2021,-30,-453,-339
15/7/2021,-30,-282,-414
16/7/2021,-60,-89,-346
17/7/2021,,,
18/7/2021,,,
19/7/2021,-50,41,-326
20/7/2021,-20,37,-182
21/7/2021,-20,119,-346
22/7/2021,-20,-12,-231
23/7/2021,-30,16,-169
24/7/2021,,,
25/7/2021,,,
26/7/2021,-40,119,-189
27/7/2021,-40,-230,-358
28/7/2021,-30,-216,-264
29/7/2021,-30,-536,-358
30/7/2021,-40,-550,-400
31/7/2021,,,
1/8/2021,,,
2/8/2021,-40,-562,-593
3/8/2021,-40,-493,-719
4/8/2021,-40,-527,-647
5/8/2021,-40,-309,-454
6/8/2021,-30,-317,-513
7/8/2021,,,
8/8/2021,,,
9/8/2021,-30,-225,-425
10/8/2021,-20,-149,-257
11/8/2021,-50,-56,-175
12/8/2021,-40,-188,-313
13/8/2021,-30,-234,-250
14/8/2021,,,
15/8/2021,,,
16/8/2021,-10,-190,-308
17/8/2021,-30,-415,-202
18/8/2021,-20,62,-140
19/8/2021,0,110,-68
20/8/2021,20,-99,-110
21/8/2021,,,
22/8/2021,,,
23/8/2021,50,-51,-49
24/8/2021,50,-96,-111
25/8/2021,10,-37,-15
26/8/2021,0,14,-116
27/8/2021,-10,-437,-121
28/8/2021,,,
29/8/2021,,,
30/8/2021,-20,,544
31/8/2021,-30,-178,-16
1/9/2021,-30,-113,-274
2/9/2021,-20,-173,-131
3/9/2021,-20,210,-61
4/9/2021,,,
5/9/2021,,,
6/9/2021,-20,22,-147
7/9/2021,-30,2,-270
8/9/2021,-30,-94,-213
9/9/2021,-50,80,78
10/9/2021,-60,231,-16
11/9/2021,,,
12/9/2021,,,
13/9/2021,-80,323,263
14/9/2021,-50,776,-132
15/9/2021,20,-72,-151
16/9/2021,-10,269,-346
17/9/2021,0,194,-316
18/9/2021,,,
19/9/2021,,,
20/9/2021,,,
21/9/2021,,,
22/9/2021,0,46,-37
23/9/2021,0,320,132
24/9/2021,0,101,-63
25/9/2021,,,
26/9/2021,,,
27/9/2021,-10,357,-207
28/9/2021,-10,-108,-247
29/9/2021,-60,4,-342
30/9/2021,-100,-5,-407
1/10/2021,,,
2/10/2021,,,
3/10/2021,,,
4/10/2021,,,
5/10/2021,,,
6/10/2021,,,
7/10/2021,,,
8/10/2021,-80,-169,-351
9/10/2021,,,
10/10/2021,,,
11/10/2021,-60,-483,-542
12/10/2021,-40,-467,-522
13/10/2021,-20,-433,-408
14/10/2021,20,-644,-546
15/10/2021,50,-731,-340
16/10/2021,,,
17/10/2021,,,
18/10/2021,-80,-628,-334
19/10/2021,-120,-135,-310
20/10/2021,-140,-193,-626
21/10/2021,-140,63,-623
22/10/2021,-90,-87,-659
23/10/2021,,,
24/10/2021,,,
25/10/2021,-80,-546,-822
26/10/2021,-80,-980,-832
27/10/2021,-80,-549,-1192
28/10/2021,-50,-1261,-915
29/10/2021,-60,-512,-1099
30/10/2021,,,
31/10/2021,,,
1/11/2021,-80,,
2/11/2021,-90,-694,-1006
3/11/2021,-100,-1110,-792
4/11/2021,-110,-180,-631
5/11/2021,-50,-451,-693
6/11/2021,,,
7/11/2021,,,
8/11/2021,-60,-465,-604
9/11/2021,-90,-495,-692
10/11/2021,-120,-966,-879
11/11/2021,-100,-1133,-682
12/11/2021,-30,-645,-876
13/11/2021,,,
14/11/2021,,,
15/11/2021,-40,-942,-1027
16/11/2021,-140,-1054,-1334
17/11/2021,-120,-1317,-1157
18/11/2021,-120,-1546,-1354
19/11/2021,-100,-1886,-1286
20/11/2021,,,
21/11/2021,,,
22/11/2021,-80,-1300,-1256
23/11/2021,-60,-1152,-1320
24/11/2021,-50,-1028,-999
25/11/2021,-70,-1159,-1006
26/11/2021,-90,-846,-1143
27/11/2021,,,
28/11/2021,,,
29/11/2021,-120,-1014,-836
30/11/2021,-100,-842,-824
1/12/2021,-60,-1103,-867
2/12/2021,-50,-963,-1085
3/12/2021,-50,-1210,-911
4/12/2021,,,
5/12/2021,,,
6/12/2021,-50,-823,-895
7/12/2021,-50,-841,-788
8/12/2021,-50,-882,-938
9/12/2021,,-869,-898
10/12/2021,-60,-1001,-890
11/12/2021,,,
12/12/2021,,,
13/12/2021,-50,-1241,-707
14/12/2021,-20,-756,-726
15/12/2021,-20,-329,-666
16/12/2021,-60,-601,-587
17/12/2021,-100,,
18/12/2021,,,
19/12/2021,,,
20/12/2021,-100,-406,-682
21/12/2021,-120,-519,-604
22/12/2021,-150,-1199,-900
23/12/2021,-160,-1093,-1044
24/12/2021,-140,-1085,-963
25/12/2021,,,
26/12/2021,,,
27/12/2021,-80,,-1504
28/12/2021,-60,,-1344
29/12/2021,-50,-972,-1130
30/12/2021,-40,-1076,-791
31/12/2021,-40,,
3/1/2022,,,
4/1/2022,-40,-695,-764
5/1/2022,0,-808,-930
6/1/2022,40,-846,-1133
7/1/2022,70,-676,-903
10/1/2022,60,-676,-903
11/1/2022,40,-338,-669
12/1/2022,10,-391,-650
13/1/2022,0,-280,-717
14/1/2022,-30,-804,-742
17/1/2022,-20,-1145,-1154
18/1/2022,30,-1258,-1270
19/1/2022,30,-820,-1021
20/1/2022,30,-1355,-1255
21/1/2022,20,-1475,-1467
24/1/2022,10,-1221,-1362
25/1/2022,0,-1361,-1544
26/1/2022,-10,-1388,-1572
27/1/2022,-10,-1491,-1419
28/1/2022,-10,-1667,-1410
29/1/2022,,,
30/1/2022,,,
31/1/2022,,,
1/2/2022,,,
2/2/2022,,,
3/2/2022,,,
4/2/2022,,,
5/2/2022,,,
6/2/2022,,,
7/2/2022,-10,-1185,-1055
8/2/2022,0,-1293,-1042
9/2/2022,0,-953,-1035
10/2/2022,0,-1029,-1147
11/2/2022,-20,-546,-342
14/2/2022,-20,-1519,-1172
15/2/2022,0,,
16/2/2022,-20,-1303,-1255
17/2/2022,0,-1474,-1445
18/2/2022,0,-1594,-1440
21/2/2022,-10,-1716,-1571
22/2/2022,-10,-1765,-1666
23/2/2022,-60,-1746,-1612
24/2/2022,-60,,
25/2/2022,-50,-2009,-1836
26/2/2022,,,
27/2/2022,,,
28/2/2022,-50,-3070,-2980
1/3/2022,-70,,
2/3/2022,-70,-2872,-2850
3/3/2022,-110,-3405,-3207
4/3/2022,-100,-4811,-4478
5/3/2022,,,
6/3/2022,,,
7/3/2022,-90,-5421,-5512
8/3/2022,-60,-5129,-5091
9/3/2022,-40,-3756,-4265
10/3/2022,-20,,
11/3/2022,-30,-3693,-4229
12/3/2022,,,
13/3/2022,,,
14/3/2022,-40,-3407,-3973
15/3/2022,-20,-2604,-3174
16/3/2022,-20,-2707,-2885
17/3/2022,-20,-2140,-2390
18/3/2022,-40,-2782,-2828
21/3/2022,-60,-3090,-3309
22/3/2022,-70,-3214,-3326
23/3/2022,-70,-3142,-3255
24/3/2022,-90,-3875,-4165
25/3/2022,-80,-3391,-3518
28/3/2022,-70,-3589,-3802
29/3/2022,-70,-3641,-3961
30/3/2022,-70,-2902,-2986
31/3/2022,-90,-3208,-3360
1/4/2022,-90,-2849,-3081
2/4/2022,,,
3/4/2022,,,
4/4/2022,,,
5/4/2022,,,
6/4/2022,-90,-2721,-2973
7/4/2022,-70,-3097,-3597
8/4/2022,-50,-3207,-3471
9/4/2022,,,
10/4/2022,,,
11/4/2022,-50,-2906,-3515
12/4/2022,-40,-3197,-3355
13/4/2022,-40,-3002,-3100
14/4/2022,0,-2568,-2820
15/4/2022,-50,,
16/4/2022,,,
17/4/2022,,,
18/4/2022,-40,,
19/4/2022,-50,-2623,-3019
20/4/2022,-50,-2383,-2657
21/4/2022,-60,-2544,-2849
22/4/2022,-60,-2939,-2943
24/4/2022,,,
25/4/2022,-50,-3061,-3627
26/4/2022,-30,-2890,-3195
27/4/2022,-30,-2811,-3055
28/4/2022,-30,-2865,-2897
29/4/2022,-40,-2611,-2882
30/4/2022,,,
1/5/2022,,,
2/5/2022,,,
3/5/2022,,,
4/5/2022,,,
5/5/2022,-40,-2216,-2808
6/5/2022,-40,-2072,-2837
7/5/2022,,,
8/5/2022,,,
9/5/2022,-30,-2073,-2470
10/5/2022,-30,-1848,-1988
11/5/2022,-30,-1646,-1924
12/5/2022,-10,-1293,-1946
13/5/2022,,-1820,-1950
14/5/2022,,,
15/5/2022,,,
16/5/2022,20,-1754,-2066
17/5/2022,0,-1693,-2102
18/5/2022,0,-2202,-2564
19/5/2022,0,-1830,-1998
20/5/2022,-10,-2163,-2566
21/5/2022,,,
22/5/2022,,,
23/5/2022,-10,-1907,-2169
24/5/2022,-10,-1920,-2341
25/5/2022,-10,-1649,-1998
26/5/2022,-10,-1697,-2042
27/5/2022,0,-1476,-2096
30/5/2022,0,-1480,-1774
31/5/2022,-10,-1503,-1765
1/6/2022,-30,-1414,-1615
2/6/2022,-30,,
3/6/2022,,,
4/6/2022,,,
5/6/2022,,,
6/6/2022,-40,-546,-726
7/6/2022,-50,-487,-897
8/6/2022,-50,-620,-989
9/6/2022,-70,-1061,-1263
10/6/2022,-70,-908,-797
13/6/2022,-30,-562,-936
14/6/2022,10,-690,-841
15/6/2022,90,-38,-362
16/6/2022,0,-94,-384
17/6/2022,0,198,112
18/6/2022,,,
19/6/2022,,,
20/6/2022,20,-105,-565
21/6/2022,20,-153,-468
22/6/2022,20,-109,-707
23/6/2022,20,-636,-696
24/6/2022,20,-410,-839
27/6/2022,20,-291,-575
28/6/2022,0,-593,-582
29/6/2022,-10,-286,-575
30/6/2022,-20,-330,-669
1/7/2022,-30,-121,-271
4/7/2022,-40,-459,-794
5/7/2022,-40,-415,-1128
6/7/2022,-30,-816,-913
7/7/2022,-30,-995,-947
8/7/2022,-30,-828,-1026
9/7/2022,,,
10/7/2022,,,
11/7/2022,-30,-1263,-1395
12/7/2022,-20,-1096,-1632
13/7/2022,0,-1415,-1913
14/7/2022,0,-1596,-1886
15/7/2022,40,-1361,-1680
16/7/2022,,,
17/7/2022,,,
18/7/2022,0,-1485,-1618
19/7/2022,-10,-1631,-1693
20/7/2022,-10,-1812,-1816
21/7/2022,-10,-1987,-1902
22/7/2022,-10,-1967,-2011
25/7/2022,-10,-2072,-2142
26/7/2022,-10,-2050,-1837
27/7/2022,-10,-1802,-1667
28/7/2022,-30,-1807,-1361
29/7/2022,-30,-1635,-1415
31/7/2022,,,
1/8/2022,-20,-1880,-1858
2/8/2022,-20,-1688,-1811
3/8/2022,-30,-1464,-1430
4/8/2022,-50,-1067,-1270
5/8/2022,-70,-1401,-1714
8/8/2022,-90,-1410,-1405
9/8/2022,-90,-1610,-1565
10/8/2022,-120,-1320,-1472
11/8/2022,,-1684,-1814
12/8/2022,-350,-1777,-1766
15/8/2022,-220,-1421,-1759
16/8/2022,0,-1605,-1662
17/8/2022,0,-1407,-1463
18/8/2022,0,-920,-1437
19/8/2022,0,-1345,-1586
22/8/2022,0,-1365,-1472
23/8/2022,0,-1385,-1339
24/8/2022,-20,-1464,-1333
25/8/2022,-20,-1364,-1322
26/8/2022,-20,-1421,-1438
29/8/2022,-30,,-2132
30/8/2022,-40,-1826,-1999
31/8/2022,-40,-1657,-1659
1/9/2022,-40,-1119,-1586
2/9/2022,-30,-1209,-1497
3/9/2022,,,
4/9/2022,,,
5/9/2022,-30,-923,-1017
6/9/2022,-40,-862,-892
7/9/2022,-40,-569,-768
8/9/2022,-40,-652,-683
9/9/2022,-40,-639,-671
10/9/2022,,,
11/9/2022,,,
12/9/2022,,,
13/9/2022,-40,-543,-782
14/9/2022,,-729,-870
15/9/2022,0,-636,-678
16/9/2022,-50,-435,-750
19/9/2022,-50,-392,-648
20/9/2022,-50,-359,-660
21/9/2022,,-517,-687
22/9/2022,-50,-220,-389
23/9/2022,-50,-289,-511
26/9/2022,-40,216,-437
27/9/2022,-40,-54,-326
28/9/2022,-40,-24,-230
29/9/2022,-40,-86,-334
30/9/2022,-40,-702,-965
1/10/2022,,,
2/10/2022,,,
3/10/2022,,,
4/10/2022,,,
5/10/2022,,,
6/10/2022,,,
7/10/2022,,,
8/10/2022,,,
9/10/2022,,,
10/10/2022,-40,-804,-840
11/10/2022,-50,-691,-811
12/10/2022,-50,-864,-755
13/10/2022,-80,-1155,-1263
14/10/2022,-90,-1698,-2051
15/10/2022,,,
16/10/2022,,,
17/10/2022,-180,-937,-968
18/10/2022,-10,-929,-1064
19/10/2022,10,-437,-781
20/10/2022,20,-476,-724
21/10/2022,20,-319,-708
24/10/2022,30,-473,-843
25/10/2022,20,-532,-725
26/10/2022,0,-649,-747
27/10/2022,-20,-1304,-1449
28/10/2022,-30,-1097,-956
29/10/2022,,,
30/10/2022,,,
31/10/2022,,-1303,-1680
1/11/2022,-10,-1380,-1629
2/11/2022,,-1556,-1864
3/11/2022,20,-1302,-1592
4/11/2022,30,-1273,-1234
5/11/2022,,,
6/11/2022,,,
7/11/2022,30,-1482,-1618
8/11/2022,10,-1587,-1652
9/11/2022,0,-1827,-1918
10/11/2022,-20,-1264,-1196
11/11/2022,-40,-1100,-1314
12/11/2022,,,
13/11/2022,,,
14/11/2022,-50,-1413,-1421
15/11/2022,-50,-1523,-1504
16/11/2022,10,-1620,-1708
17/11/2022,50,-1392,-1448
18/11/2022,70,-932,-1176
19/11/2022,,,
20/11/2022,,,
21/11/2022,70,-1303,-1296
22/11/2022,70,-1017,-1259
23/11/2022,60,-1476,-1645
24/11/2022,60,-1224,-1607
25/11/2022,70,-1053,-1237
28/11/2022,80,-1124,-1448
29/11/2022,80,-1071,-1265
30/11/2022,70,-904,-1013
1/12/2022,60,-1291,-1519
2/12/2022,60,-1438,-1532
3/12/2022,,,
4/12/2022,,,
5/12/2022,50,-1485,-1837
6/12/2022,50,-1117,-1447
7/12/2022,40,-976,-1395
8/12/2022,40,-1115,-1361
9/12/2022,10,-1293,-1511
10/12/2022,,,
11/12/2022,,,
12/12/2022,-10,-1129,-1501
13/12/2022,-40,-841,-1232
14/12/2022,-300,-1076,-1422
15/12/2022,-280,-1071,-1444
16/12/2022,120,-867,-1124
17/12/2022,,,
18/12/2022,,,
19/12/2022,120,-568,-989
20/12/2022,140,-594,-940
21/12/2022,160,-660,-958
22/12/2022,160,-644,-1085
23/12/2022,160,,
24/12/2022,,,
25/12/2022,,,
26/12/2022,140,,
27/12/2022,80,,
28/12/2022,0,-618,-963
29/12/2022,-20,-614,-667
30/12/2022,-30,-693,-857
31/12/2022,,,
1/1/2023,,,
2/1/2023,,,
3/1/2023,-30,-853,-1078
4/1/2023,-30,-520,-805
5/1/2023,-60,-542,-510
6/1/2023,-60,-463,-375
7/1/2023,,,
8/1/2023,,,
9/1/2023,-60,-530,-570
10/1/2023,-70,-1089,-1037
11/1/2023,-70,-1206,-1288
12/1/2023,-30,-1206,-1188
13/1/2023,0,-1523,-1730
14/1/2023,,,
15/1/2023,,,
16/1/2023,-10,-1856,-1836
17/1/2023,-70,-1871,-1947
18/1/2023,-90,-1971,-1714
19/1/2023,-100,-1734,-1581
20/1/2023,-100,-1679,-1272
21/1/2023,,,
22/1/2023,,,
23/1/2023,,,
24/1/2023,,,
25/1/2023,,,
26/1/2023,,,
27/1/2023,,,
28/1/2023,,,
29/1/2023,-100,,
30/1/2023,-110,-1610,-1547
31/1/2023,-100,,-1313
1/2/2023,-110,-1585,-1430
2/2/2023,-100,-1567,-1610
3/2/2023,-80,-1620,-1547
4/2/2023,,,
5/2/2023,,,
6/2/2023,-70,-1536,-1360
7/2/2023,-70,-1024,-1092
8/2/2023,-60,-840,-871
9/2/2023,-50,-704,-818
10/2/2023,-50,-1031,-831
11/2/2023,,,
12/2/2023,,,
13/2/2023,-30,-945,-969
14/2/2023,-30,,
15/2/2023,-30,-950,-878
16/2/2023,-70,-600,-908
17/2/2023,-70,-627,-765
18/2/2023,,,
19/2/2023,,,
20/2/2023,-80,-616,-717
21/2/2023,-90,-898,-961
22/2/2023,-100,-893,-984
23/2/2023,-100,-669,-838
24/2/2023,-110,-746,-860
25/2/2023,,,
26/2/2023,,,
27/2/2023,-90,-435,-664
28/2/2023,-90,-635,-769
1/3/2023,-90,-721,-728
2/3/2023,-90,-900,-1003
3/3/2023,-80,-765,-862
4/3/2023,,,
5/3/2023,,,
6/3/2023,-70,-663,-838
7/3/2023,-70,-567,-856
8/3/2023,-50,-434,-632
9/3/2023,-50,-439,-652
10/3/2023,-40,,-284
11/3/2023,,,
12/3/2023,,,
13/3/2023,-20,-192,-259
14/3/2023,-10,-114,-423
15/3/2023,10,-394,-590
16/3/2023,-40,-12,-315
17/3/2023,-50,-168,-482
18/3/2023,,,
19/3/2023,,,
20/3/2023,-50,251,-277
21/3/2023,-50,-10,-299
22/3/2023,-80,24,-166
23/3/2023,-80,-4,-191
24/3/2023,-60,-356,-640
25/3/2023,,,
26/3/2023,,,
27/3/2023,-60,-523,-671
28/3/2023,-50,-554,-685
29/3/2023,-50,-653,-771
30/3/2023,-60,-633,-711
31/3/2023,-70,-673,-787
1/4/2023,,,
2/4/2023,,,
3/4/2023,-50,-715,-888
4/4/2023,-40,-722,-873
5/4/2023,,,
6/4/2023,-30,-383,-642
7/4/2023,-30,,-552
8/4/2023,,,
9/4/2023,,,
10/4/2023,-30,,
11/4/2023,-20,-527,-669
12/4/2023,-20,-229,-464
13/4/2023,-20,-301,-498
14/4/2023,20,-658,-961
15/4/2023,,,
16/4/2023,,,
17/4/2023,,-736,-696
18/4/2023,10,-738,-670
19/4/2023,30,-669,-732
20/4/2023,,-855,-803
21/4/2023,30,-625,-468
22/4/2023,,,
23/4/2023,,,
24/4/2023,10,-518,-670
25/4/2023,0,-709,-735
26/4/2023,0,-548,-632
27/4/2023,-10,-541,-658
28/4/2023,-10,-804,-634
29/4/2023,,,
30/4/2023,,,
1/5/2023,,,
2/5/2023,,,
3/5/2023,,,
4/5/2023,-10,-596,-657
5/5/2023,10,-659,-532
6/5/2023,,,
7/5/2023,,,
8/5/2023,30,,-669
9/5/2023,40,-734,-781
10/5/2023,40,-733,-822
11/5/2023,0,-292,-658
12/5/2023,-40,-465,-370
13/5/2023,,,
14/5/2023,,,
15/5/2023,0,-671,-516
16/5/2023,80,-600,-865
17/5/2023,120,-700,-735
18/5/2023,150,-781,-964
19/5/2023,150,-708,-827
20/5/2023,,,
21/5/2023,,,
22/5/2023,,-569,-1031
23/5/2023,150,-437,-1039
24/5/2023,140,-591,-1121
25/5/2023,140,-759,-1222
26/5/2023,120,-986,-1545
27/5/2023,,,
28/5/2023,,,
29/5/2023,120,,-1168
30/5/2023,90,-816,-1080
31/5/2023,60,-1056,-1096
1/6/2023,40,-1122,-1068
2/6/2023,20,-795,-1407
3/6/2023,,,
4/6/2023,,,
5/6/2023,0,-455,-1225
6/6/2023,-20,-488,-1157
7/6/2023,-20,-333,-1113
8/6/2023,0,-259,-1001
9/6/2023,0,-493,-1377
10/6/2023,,,
11/6/2023,,,
12/6/2023,-10,-386,-1228
13/6/2023,-30,-579,-1059
14/6/2023,0,-484,-960
15/6/2023,-10,-362,-822
16/6/2023,300,-387,-1185
17/6/2023,,,
18/6/2023,,,
19/6/2023,350,-356,-1370
20/6/2023,400,-204,-1178
21/6/2023,300,-26,-1052
22/6/2023,,,
23/6/2023,,,
24/6/2023,,,
25/6/2023,,,
26/6/2023,300,-260,-1154
27/6/2023,300,-134,-862
28/6/2023,300,-237,-1073
29/6/2023,300,-38,-963
30/6/2023,270,-30,-954
1/7/2023,,,
2/7/2023,,,
3/7/2023,220,-1,-814
4/7/2023,170,41,-878
5/7/2023,70,-93,-966
6/7/2023,0,-108,-827
7/7/2023,0,-7,-679
8/7/2023,,,
9/7/2023,,,
10/7/2023,-20,-59,-700
11/7/2023,-30,-340,-755
12/7/2023,-50,-236,-668
13/7/2023,-60,-529,-944
14/7/2023,-90,-695,-1235
15/7/2023,,,
16/7/2023,,,
17/7/2023,10,-740,-1129
18/7/2023,120,-730,-1152
19/7/2023,60,-460,-853
20/7/2023,30,-433,-712
21/7/2023,30,-517,-781
24/7/2023,30,-458,-737
25/7/2023,30,-542,-684
26/7/2023,20,-370,-590
27/7/2023,20,-199,-471
28/7/2023,10,-258,-346
29/7/2023,,,
30/7/2023,,,
31/7/2023,0,-332,-500
1/8/2023,-20,-462,-722
2/8/2023,-40,-307,-600
3/8/2023,-40,-111,-402
4/8/2023,-30,-109,-483
5/8/2023,,,
6/8/2023,,,
7/8/2023,-10,-249,-539
8/8/2023,-10,-242,-572
9/8/2023,-10,-234,-504
10/8/2023,-10,-87,-479
11/8/2023,-20,-49,-446
14/8/2023,-10,114,-416
15/8/2023,20,7,-388
16/8/2023,100,299,-395
17/8/2023,150,256,-357
18/8/2023,130,243,-363
19/8/2023,,,
20/8/2023,,,
21/8/2023,130,368,-327
22/8/2023,150,244,-298
23/8/2023,150,224,-407
24/8/2023,170,186,-323
25/8/2023,190,249,-311
28/8/2023,200,,-200
29/8/2023,180,386,-159
30/8/2023,130,424,-160
31/8/2023,80,332,-218
1/9/2023,50,545,-468
4/9/2023,20,623,-212
5/9/2023,0,455,-149
6/9/2023,0,487,-24
7/9/2023,20,632,-19
8/9/2023,20,608,45
11/9/2023,10,610,-69
12/9/2023,-60,687,42
13/9/2023,-80,643,44
14/9/2023,10,433,-64
15/9/2023,-30,576,-43
16/9/2023,,,
17/9/2023,,,
18/9/2023,220,579,-142
19/9/2023,230,573,-178
20/9/2023,250,524,-180
21/9/2023,250,488,-217
22/9/2023,230,603,-170
25/9/2023,220,549,-119
26/9/2023,200,676,-19
27/9/2023,180,550,-33
28/9/2023,150,567,2
29/9/2023,,,
30/9/2023,,,
1/10/2023,,,
2/10/2023,,,
3/10/2023,,,
4/10/2023,,,
5/10/2023,,,
6/10/2023,,,
7/10/2023,,,
8/10/2023,,,
9/10/2023,130,387,-228
10/10/2023,100,392,-272
11/10/2023,50,247,-156
12/10/2023,0,103,-174
13/10/2023,10,58,-19
16/10/2023,,38,-108
17/10/2023,90,62,-181
18/10/2023,100,17,-176
19/10/2023,110,224,-158
20/10/2023,110,287,-70
23/10/2023,80,185,-86
24/10/2023,50,27,-94
25/10/2023,0,-74,-85
26/10/2023,-10,-212,-118
27/10/2023,-20,-264,-171
30/10/2023,-60,-242,-71
31/10/2023,-80,-545,-311
1/11/2023,-80,-360,-217
2/11/2023,-80,-226,-195
3/11/2023,-80,-119,-99
6/11/2023,-70,-310,-184
7/11/2023,-70,-390,-304
8/11/2023,-70,-381,-232
9/11/2023,-60,-298,-205
10/11/2023,-60,-211,-70
13/11/2023,-50,-350,-177
14/11/2023,-30,-157,-105
15/11/2023,0,-62,-144
16/11/2023,-30,-45,-145
17/11/2023,-30,51,36
20/11/2023,-10,109,-89
21/11/2023,-10,127,-168
22/11/2023,-10,16,-270
23/11/2023,-10,92,-130
24/11/2023,-20,154,-90
27/11/2023,-20,217,15
28/11/2023,-30,307,80
29/11/2023,-40,310,-179
30/11/2023,-20,39,-142
1/12/2023,-10,260,73
4/12/2023,-10,269,-52
5/12/2023,0,262,-96
6/12/2023,-10,324,16
7/12/2023,-20,371,95
8/12/2023,-20,355,-1
11/12/2023,-30,428,136
12/12/2023,-50,466,167
13/12/2023,-50,570,341
14/12/2023,-70,552,141
15/12/2023,-80,304,-154
18/12/2023,30,245,-140
19/12/2023,20,98,-206
20/12/2023,10,56,-202
21/12/2023,-10,174,2
22/12/2023,-30,190,-139
25/12/2023,-50,,-488
26/12/2023,-40,,-348
27/12/2023,-20,-66,-225
28/12/2023,-40,-211,-506
29/12/2023,-10,-226,-503
31/12/2023,,,
1/1/2024,,,
2/1/2024,-10,-516,-449
3/1/2024,0,148,-261
4/1/2024,0,180,-212
5/1/2024,0,217,-112
8/1/2024,0,,
9/1/2024,10,300,5
10/1/2024,20,341,0
11/1/2024,20,228,28
12/1/2024,30,255,-11
15/1/2024,-10,362,34
16/1/2024,80,385,4
17/1/2024,100,359,17
18/1/2024,90,326,77
19/1/2024,70,454,169
22/1/2024,70,429,177
23/1/2024,60,321,214
24/1/2024,50,-2,-54
25/1/2024,40,111,38
26/1/2024,40,118,27
29/1/2024,20,34,-106
30/1/2024,10,-45,-175
31/1/2024,0,-167,-218
1/2/2024,-10,-180,-250
2/2/2024,-20,-98,-270
4/2/2024,,,
5/2/2024,-20,-227,-196
6/2/2024,0,-76,-16
7/2/2024,0,-88,-98
8/2/2024,40,-121,-94
9/2/2024,,,
12/2/2024,,,
13/2/2024,,,
14/2/2024,,,
15/2/2024,,,
16/2/2024,,,
18/2/2024,,,
19/2/2024,20,-125,-80
20/2/2024,-10,60,0
21/2/2024,-20,-194,-235
22/2/2024,-20,-138,-159
23/2/2024,-20,136,13
26/2/2024,-30,166,91
27/2/2024,-30,220,87
28/2/2024,-30,245,115
29/2/2024,-10,186,125
1/3/2024,-10,,
4/3/2024,-20,-49,-55
5/3/2024,-30,88,8
6/3/2024,-40,33,41
7/3/2024,-40,80,53
8/3/2024,-40,67,-18
11/3/2024,-40,100,85
12/3/2024,-40,61,-13
13/3/2024,-30,30,14
14/3/2024,10,118,-68
15/3/2024,30,-56,-55
18/3/2024,-50,-18,-165
19/3/2024,-50,-14,-204
20/3/2024,-50,-72,-154
21/3/2024,-60,-216,-213
22/3/2024,-70,-243,-293
25/3/2024,,-255,-308
26/3/2024,-90,-267,-367
27/3/2024,-90,-335,-252
28/3/2024,-90,-383,-281
29/3/2024,-110,,
31/3/2024,,,
1/4/2024,-110,,
2/4/2024,-90,-593,-397
3/4/2024,-90,-781,-590
4/4/2024,,,
5/4/2024,,,
7/4/2024,,,
8/4/2024,-90,-992,-906
9/4/2024,-80,-951,-832
10/4/2024,-70,-1033,-817
11/4/2024,-50,-856,-742
12/4/2024,0,-851,-727
15/4/2024,-60,-2143,-1747
16/4/2024,-80,-1746,-1635
17/4/2024,-80,-2162,-1628
18/4/2024,-80,-2444,-1831
19/4/2024,-60,-2600,-2337
22/4/2024,-50,-2748,-2335
23/4/2024,-50,-2772,-2361
24/4/2024,-50,-2417,-2027
25/4/2024,-50,-2047,-1703
26/4/2024,-50,-1888,-1552
28/4/2024,,,
29/4/2024,-50,-1448,-1392
30/4/2024,-60,-1944,-1551
1/5/2024,,,
2/5/2024,,,
3/5/2024,,,
4/5/2024,,,
6/5/2024,-60,,
7/5/2024,-80,-1353,-1335
8/5/2024,-70,-1396,-1322
9/5/2024,-60,-1226,-1161
10/5/2024,-60,-1576,-1368
11/5/2024,,,
13/5/2024,-50,-1203,-1039
14/5/2024,,-1274,-1268
15/5/2024,10,-1413,-1372
16/5/2024,10,-1648,-1543
17/5/2024,-80,-1583,-1366
20/5/2024,-100,-1570,-1515
21/5/2024,-120,-1805,-1439
22/5/2024,-140,-2204,-1922
23/5/2024,-120,-1635,-1577
24/5/2024,-100,-1657,-1533
27/5/2024,-110,,
28/5/2024,-120,-1979,-1727
29/5/2024,-120,-2546,-1978
30/5/2024,-150,-1805,-1810
31/5/2024,-140,-1886,-1449
3/6/2024,-120,-1686,-1433
4/6/2024,-110,-1663,-1299
5/6/2024,-90,-1498,-1359
6/6/2024,-70,-1466,-1303
7/6/2024,-70,-1397,-1305
10/6/2024,,,
11/6/2024,-50,-1097,-998
12/6/2024,-30,-859,-882
13/6/2024,-10,-1183,-1204
14/6/2024,0,-1233,-1203
17/6/2024,20,-947,-1072
18/6/2024,-30,-987,-941
19/6/2024,-40,-1044,-933
20/6/2024,-50,-1080,-926
21/6/2024,-60,-1177,-1081
24/6/2024,-60,-1275,-1102
25/6/2024,-70,-1321,-1135
26/6/2024,-70,-1463,-1130
27/6/2024,-80,-1435,-1301
28/6/2024,-80,-1580,-1269
1/7/2024,-80,-1688,-1393
2/7/2024,-70,-1527,-1283
3/7/2024,-60,-1475,-1237
4/7/2024,-50,-1478,-1380
5/7/2024,-50,-1407,-1383
8/7/2024,-50,-1483,-1368
9/7/2024,-50,-1402,-1265
10/7/2024,-40,-1066,-1243
11/7/2024,-20,-1124,-1147
12/7/2024,-20,-1082,-1200
15/7/2024,10,-1072,-1240
16/7/2024,-40,-1236,-1232
17/7/2024,-40,-901,-962
18/7/2024,-50,-1208,-1081
19/7/2024,-60,-961,-845
22/7/2024,-70,-676,-678
23/7/2024,-60,-662,-663
24/7/2024,-60,-627,-475
25/7/2024,-50,-636,-528
26/7/2024,-40,-388,-374
29/7/2024,-40,-390,-431
30/7/2024,-50,-241,-336
31/7/2024,-50,-333,-324
1/8/2024,-60,-593,-609
2/8/2024,,-453,-468
5/8/2024,-50,-153,-377
6/8/2024,-50,-371,-578
7/8/2024,-50,-643,-754
8/8/2024,-50,-747,-786
9/8/2024,-50,-648,-695
12/8/2024,-40,-854,-822
13/8/2024,-30,-645,-801
14/8/2024,-10,-951,-1072
15/8/2024,-10,-1103,-1015
16/8/2024,-70,-982,-892
19/8/2024,-80,-1049,-881
20/8/2024,-80,-1336,-1121
21/8/2024,-80,-1774,-1498
22/8/2024,-80,-1748,-1447
23/8/2024,-80,-1766,-1444
26/8/2024,-90,,-1675
27/8/2024,-100,-1849,-1566
28/8/2024,-100,-1769,-1622
29/8/2024,-90,-1565,-1330
30/8/2024,-80,-1591,-1321
2/9/2024,-80,-1373,-1192
3/9/2024,-60,-1166,-1060
4/9/2024,-40,-1273,-1171
5/9/2024,-30,-1043,-1060
6/9/2024,-20,-1206,-1043
9/9/2024,0,-970,-870
10/9/2024,-10,-917,-845
11/9/2024,10,-960,-816
12/9/2024,10,-1078,-891
13/9/2024,10,-1085,-968
14/9/2024,,,
16/9/2024,,,
17/9/2024,,,
18/9/2024,40,-1614,-1395
19/9/2024,-50,-1974,-1576
20/9/2024,-60,-1621,-1457
23/9/2024,-50,-1253,-1186
24/9/2024,-50,-1497,-1210
25/9/2024,-50,-1463,-1491
26/9/2024,-50,-1597,-1192
27/9/2024,-50,-1956,-1622
29/9/2024,,,
30/9/2024,-50,-2065,-1727
1/10/2024,,,
2/10/2024,,,
3/10/2024,,,
4/10/2024,,,
7/10/2024,,,-1950
8/10/2024,-50,-1404,-1286
9/10/2024,-40,-1406,-1248
10/10/2024,-40,-1216,-1016
11/10/2024,-20,-1490,-1284
12/10/2024,,,
14/10/2024,20,-1414,-1345
15/10/2024,30,-1046,-1275
16/10/2024,0,-1263,-1292
17/10/2024,-10,-948,-1243
18/10/2024,-10,-1395,-1334
21/10/2024,0,-1676,-1625
22/10/2024,10,-1523,-1436
23/10/2024,20,-1805,-1695
24/10/2024,20,-1856,-1865
25/10/2024,30,,
28/10/2024,20,-1797,-1877
29/10/2024,30,-1744,-1781
30/10/2024,30,-1901,-1923
31/10/2024,40,-1634,-1669
1/11/2024,40,-1743,-1773
4/11/2024,50,-1459,-1515
5/11/2024,70,-1348,-1473
6/11/2024,80,-1270,-1653
7/11/2024,80,-1110,-1240
8/11/2024,70,-1427,-1572
11/11/2024,60,-1144,-1359
12/11/2024,50,-1017,-1325
13/11/2024,,-1256,-1374
14/11/2024,30,-1211,-1338
15/11/2024,80,-1064,-1270
18/11/2024,40,-2372,-2564
19/11/2024,60,-1926,-2210
20/11/2024,80,-1789,-2560
21/11/2024,80,-1949,-2238
22/11/2024,80,-2200,-2386
25/11/2024,70,-2504,-2495
26/11/2024,60,-2318,-2312
27/11/2024,50,-2251,-2171
28/11/2024,30,-2107,-2196
29/11/2024,,,
2/12/2024,0,-2301,-2187
3/12/2024,10,-2390,-2204
4/12/2024,20,-2477,-2159
5/12/2024,20,-2377,-2300
6/12/2024,,,
9/12/2024,20,-2157,-2265
10/12/2024,0,-2153,-2270
11/12/2024,0,-2330,-2436
12/12/2024,-20,-2407,-2348
13/12/2024,0,-2340,-2349
16/12/2024,-30,-2592,-2564
17/12/2024,-90,-2317,-2291
18/12/2024,-110,-2366,-2335
19/12/2024,-120,-2392,-2259
20/12/2024,-100,-2388,-2197
23/12/2024,-90,-2399,-2332
24/12/2024,-60,-2598,-2402
25/12/2024,-40,,-2543
26/12/2024,-30,,-2679
27/12/2024,-20,-2737,-2552
30/12/2024,,-2831,-2629
31/12/2024,-10,-2781,-2744
1/1/2025,,,
2/1/2025,0,,
3/1/2025,0,-2491,-2481
6/1/2025,0,-2380,-2391
7/1/2025,-20,-2497,-2389
8/1/2025,-30,-2674,-2558
9/1/2025,-30,-2783,-2389
10/1/2025,-40,-2802,-2473
13/1/2025,-50,-2796,-2528
14/1/2025,-70,-2753,-2452
15/1/2025,-90,-2860,-2515
16/1/2025,-90,-3092,-2745
17/1/2025,-80,-3162,-2819
20/1/2025,-60,-3335,-2918
21/1/2025,-50,-3160,-2900
22/1/2025,-30,-2948,-2671
23/1/2025,-20,-2923,-2690
24/1/2025,-20,-3159,-2699
26/1/2025,,,
27/1/2025,-20,-2970,-2643
28/1/2025,,,
29/1/2025,,,
30/1/2025,,,
31/1/2025,,,
3/2/2025,,,
4/2/2025,,,
5/2/2025,-40,-3172,-2757
6/2/2025,-40,-3159,-2612
7/2/2025,-40,-3040,-2481
8/2/2025,,,
10/2/2025,-40,-3036,-2437
11/2/2025,-40,-3065,-2523
12/2/2025,-30,-2915,-2376
13/2/2025,-30,-2875,-2263
14/2/2025,-40,-2760,-2091
17/2/2025,-50,-3119,-2356
18/2/2025,-60,-2971,-2298
19/2/2025,-60,-3050,-2460
20/2/2025,-60,-3186,-2593
21/2/2025,,-3199,-2803
23/2/2025,-70,,
24/2/2025,-70,-3015,-2478
25/2/2025,-50,-3016,-2406
26/2/2025,-30,-2935,-2390
27/2/2025,-30,-2958,-2391
28/2/2025,-30,-2785,-2295
3/3/2025,-30,-2603,-2143
4/3/2025,-40,-2547,-2078
5/3/2025,-40,-2673,-2240
6/3/2025,-50,-2922,-2446
7/3/2025,-50,-2912,-2465
10/3/2025,-50,-3101,-2503
11/3/2025,-40,-3096,-2518
12/3/2025,-40,-2999,-2492
13/3/2025,-40,-2951,-2449
14/3/2025,-40,-2994,-2461
17/3/2025,-20,-2936,-2408
18/3/2025,-60,-2807,-2480
19/3/2025,-50,-2863,-2341
20/3/2025,-40,-2873,-2366
21/3/2025,,-2607,-2266
23/3/2025,-30,,
24/3/2025,-30,-2556,-2092
25/3/2025,-20,-2256,-2083
26/3/2025,-10,-2152,-1954
27/3/2025,-10,-2027,-1822
28/3/2025,0,-1767,-1613
31/3/2025,0,-1638,-1595
1/4/2025,0,-1653,-1594
2/4/2025,10,-1247,-1389
3/4/2025,10,-911,-1030
4/4/2025,,,
7/4/2025,50,-976,-1364
8/4/2025,40,-991,-1542
9/4/2025,20,-780,-1044
10/4/2025,10,-950,-1101
11/4/2025,30,-1170,-1136
14/4/2025,-10,-1131,-1311
15/4/2025,0,-1108,-1296
16/4/2025,10,-927,-1146
17/4/2025,30,-969,-1235
18/4/2025,50,,-1243
21/4/2025,60,,-1115
22/4/2025,40,-1043,-1256
23/4/2025,20,-1166,-1311
24/4/2025,10,-1399,-1506
25/4/2025,0,-1491,-1628
27/4/2025,,,
28/4/2025,0,,
29/4/2025,0,-1286,-1392
30/4/2025,-10,-1274,-1455
1/5/2025,,-1352,-1575
2/5/2025,,,
5/5/2025,,,
6/5/2025,-20,-1242,-1368
7/5/2025,-20,-1153,-1401
8/5/2025,-10,-1237,-1286
9/5/2025,0,-1459,-1414
12/5/2025,0,-1496,-1338
13/5/2025,-20,-1597,-1414
14/5/2025,20,-1729,-1515
15/5/2025,60,-1514,-1483
16/5/2025,70,-1328,-1284
19/5/2025,70,-1280,-1253
20/5/2025,70,-1031,-1038
21/5/2025,70,-1273,-1328
22/5/2025,80,-1144,-1241
23/5/2025,80,-907,-1088
24/5/2025,,,
26/5/2025,90,,-1112
27/5/2025,90,-1042,-1100
28/5/2025,100,-1103,-1252
29/5/2025,110,-1043,-1204
30/5/2025,110,-945,-1127
2/6/2025,,,
3/6/2025,,-1010,-1200
4/6/2025,100,-1117,-1300
5/6/2025,90,-1099,-1320
6/6/2025,80,-1105,-1222
9/6/2025,70,-1004,-1114
10/6/2025,70,-1240,-1303
11/6/2025,90,-1475,-1554
12/6/2025,70,-1145,-1351
13/6/2025,-210,-930,-1307
16/6/2025,-10,-1003,-1232
17/6/2025,210,-1063,-1336
18/6/2025,190,-1167,-1497
19/6/2025,180,-1086,-1333
20/6/2025,180,-1033,-1216
23/6/2025,160,-1567,-1649
24/6/2025,150,-1542,-1662
25/6/2025,140,-1388,-1531
26/6/2025,130,-1346,-1431
27/6/2025,100,-1160,-1399
30/6/2025,70,-1404,-1505
1/7/2025,40,-1396,-1446
2/7/2025,10,-1344,-1426
3/7/2025,-10,-1302,-1413
4/7/2025,-20,-1293,-1329
7/7/2025,-30,-1145,-1273
8/7/2025,-50,-1398,-1346
9/7/2025,-50,-1323,-1339
10/7/2025,-60,-1411,-1376
11/7/2025,-70,-1371,-1343
14/7/2025,-60,-1521,-1444
15/7/2025,50,-1549,-1466
16/7/2025,90,-1436,-1414
17/7/2025,100,-1293,-1327
18/7/2025,110,-1300,-1367
21/7/2025,100,-1547,-1439
22/7/2025,70,,
23/7/2025,40,,
24/7/2025,10,,
25/7/2025,10,,
28/7/2025,0,,
29/7/2025,0,,
30/7/2025,-10,,
31/7/2025,-20,,
1/8/2025,-20,,
4/8/2025,-30,,
5/8/2025,-40,,
6/8/2025,-40,,
7/8/2025,-50,,
8/8/2025,-50,,
11/8/2025,-50,,
12/8/2025,-30,,
13/8/2025,,,
14/8/2025,,,
15/8/2025,,,
18/8/2025,-20,,
19/8/2025,,,
20/8/2025,0,,
21/8/2025,20,,
22/8/2025,30,,
25/8/2025,20,,
26/8/2025,0,,
