,PROFIT_DIFF_1_z60_rolling_ic_size252,PROFIT_DIFF_1_z60_rolling_icir_size252,PROFIT_DIFF_1_z60_rolling_rankic_size252
2019-12-05,-0.004875182513105179,2.3205827027390176,0.004768077837016876
2019-12-09,-0.009364012390563564,2.2817331842580257,-0.0033478152871529204
2019-12-10,-0.006062107771071191,2.245958401049196,0.001054698667573207
2019-12-11,0.00572394879509652,2.216685974606677,0.007949046018919147
2019-12-12,0.006364158937275183,2.188562005258184,0.008860143694782245
2019-12-16,0.012591158277126167,2.163747644685909,0.017141759112257182
2019-12-17,0.013944864437090084,2.1400614699133405,0.01750094906019004
2019-12-18,0.02875670079743759,2.122113917111217,0.030501900463709753
2019-12-19,0.030778750118273107,2.1051669988075052,0.03353852406671663
2019-12-23,0.042625258585136154,2.092126635484945,0.04500035994020635
2019-12-24,0.03470193088298128,2.0770335503800736,0.03782079029980693
2019-12-25,0.047318086800704165,2.065639499318644,0.050911016048648616
2019-12-26,0.04945835988879869,2.055131932937772,0.05297205265224563
2019-12-30,0.046889798934084806,2.044044924436147,0.04913118327490384
2020-01-02,0.046604612926154844,2.0330279830671816,0.04900520395913003
2020-01-06,0.04937735921130708,2.0228121524579983,0.05436457401767394
2020-01-07,0.030153930135902247,2.0075652908984054,0.04108350460297252
2020-01-08,0.02817379932390023,1.9920660295973283,0.03917431806749571
2020-01-09,0.03160378508333961,1.977773297487569,0.04501473414430684
2020-01-13,0.031215802883099712,1.963585723274668,0.04444407783892669
2020-01-14,0.03303576143816335,1.9501392454559305,0.04714888374366544
2020-01-15,0.035325292402874214,1.9375211179033165,0.04736784779251039
2020-01-16,0.029716908916224558,1.9236022746393753,0.04060058389250627
2020-01-20,0.031607328898922975,1.9103734983172882,0.043324136719235164
2020-01-21,0.014712189340131071,1.8926909790990147,0.028628424571157086
2020-01-22,0.014164728400069191,1.875158877086512,0.028442830043454614
2020-02-03,0.026415991954151216,1.861455192049119,0.03843659053848468
2020-02-04,0.038822433314636896,1.8509955475823443,0.05079835956567941
2020-02-05,0.0322829925757951,1.8390332318415465,0.04484093924195794
2020-02-06,0.02232859733927934,1.8247052714022116,0.03176828413421844
2020-02-10,0.03316031896713274,1.813190025149029,0.04532948595237452
2020-02-11,0.030127154887154207,1.8011387439790907,0.03952016689543321
2020-02-12,0.027928690058968714,1.788711585628371,0.03901249824930577
2020-02-13,0.028240211040144066,1.7765376635474015,0.038801032136738654
2020-02-17,0.030506805263316127,1.765023794215886,0.04362162645762436
2020-02-18,0.028311402313476276,1.7531545394966253,0.03876915497575975
2020-02-19,0.02871961916998214,1.7415295110192073,0.03996146368479463
2020-02-20,0.034066711988652874,1.7311721406743523,0.047411143477189006
2020-02-24,0.02991103179064325,1.720093963983656,0.04120063987453058
2020-02-25,0.03097518895181895,1.709381355737304,0.04178629591337098
2020-02-26,0.03362909346992837,1.6993500343993353,0.045460331460488224
2020-02-27,0.02629187164176788,1.687962791280772,0.038717413277065786
2020-03-02,0.024411055549145314,1.6763229378283058,0.03560578749836122
2020-03-03,0.028114713045704943,1.6656260296391472,0.04134724135416348
2020-03-04,0.024847807756128455,1.6544245092548748,0.03545768625934589
2020-03-05,0.02456122065458034,1.6432991425085044,0.03621656450685739
2020-03-09,0.026252415665294692,1.6326901708778867,0.03920108567790069
2020-03-10,0.03468356680760387,1.6237869866633594,0.050886835845979375
2020-03-11,0.037078126900815286,1.6154713688821287,0.05543860557166601
2020-03-12,0.03628224762746797,1.6071022004232562,0.05297112644771677
2020-03-16,0.04134681572315411,1.599531094875773,0.06082049211552975
2020-03-17,0.03942687337473792,1.59172265327608,0.06283391908644716
2020-03-18,0.09531799515171524,1.5906585754005618,0.07184522333580073
2020-03-19,0.06628571494395605,1.587303516237874,0.057744110682312395
2020-03-23,0.062132527419085745,1.5829702451395833,0.051979035616236804
2020-03-24,0.07841423629877783,1.58038248414659,0.06137277850811101
2020-03-25,0.07445717085984371,1.5776621274777987,0.05563844850937531
2020-03-26,0.08225947847368652,1.5757438822782346,0.06193218875775882
2020-03-30,0.0766174694095063,1.5735431705083265,0.05469697455705249
2020-03-31,0.06873475735498022,1.5707505138583093,0.04808116098129131
2020-04-01,0.06713351403323992,1.5673214571656329,0.04510563836654262
2020-04-02,0.07831014454517275,1.5651367595055858,0.05617373832368374
2020-04-07,0.07752258483611836,1.5629478607720106,0.055887952268177464
2020-04-08,0.07927050250561005,1.5608973231459573,0.059490397266870255
2020-04-09,0.08328613525381826,1.559790658060816,0.06098416713310589
2020-04-13,0.08318511789761904,1.5585481782294928,0.060221909568332524
2020-04-14,0.07492758311135084,1.5568312158487505,0.05124541750820516
2020-04-15,0.0789798959025937,1.5556323214140606,0.05944915362096514
2020-04-16,0.09178275799994318,1.5555946140083978,0.06774700023483587
2020-04-20,0.07822542926600622,1.5546083962365493,0.054243080681034964
2020-04-21,0.0740961711223424,1.5533970227613134,0.046049468008633486
2020-04-22,0.07516547020716624,1.5522723976633126,0.04615645920104125
2020-04-23,0.07367772063736613,1.5509209295043334,0.04313481558651209
2020-04-27,0.06822785529737277,1.548895486372862,0.037493839264314384
2020-04-28,0.06747512509866754,1.5467433155165484,0.0374788416536206
2020-04-29,0.059768253568774785,1.5443229557813416,0.03468081089924517
2020-05-06,0.04786454985199859,1.540735764623634,0.017741028674655216
2020-05-07,0.04863039211446659,1.5383667975643154,0.01886772291070862
2020-05-11,0.04823685427820763,1.535534207965855,0.02054407896042402
2020-05-12,0.046003662987708076,1.5334873363305421,0.017066886832251216
2020-05-13,0.046845565948731835,1.5319493733287113,0.018588392725730325
2020-05-14,0.046080297380815975,1.5294555978329822,0.016077795519536118
2020-05-18,0.04712717956703479,1.528084034450672,0.018498782102629903
2020-05-19,0.0432428515459512,1.5266041968401076,0.01069065981783385
2020-05-20,0.04006389668564992,1.5250461316436064,0.004954455119870111
2020-05-21,0.04059806365082509,1.5237328674925912,0.007238963599162422
2020-05-25,0.04620543037219374,1.5237225691845864,0.016925159570611224
2020-05-26,0.04565264545988712,1.5235129961989735,0.015490264781467668
2020-05-27,0.03684694669951587,1.5231923842160597,0.0029620247803067864
2020-05-28,0.0353128316398605,1.5220581378440379,0.0019463127385534848
2020-06-01,0.043187850272877096,1.5219818692951186,0.012648595691601197
2020-06-02,0.036661599073293784,1.520954813333847,0.005263030612805869
2020-06-03,0.03803332314702963,1.520929310025186,0.008376906030584079
2020-06-04,0.03785087793813769,1.5207508758209027,0.008291044805939743
2020-06-08,0.037502833537249924,1.5212689693005246,0.0070721153678666585
2020-06-09,0.03717400461978109,1.5220332128156067,0.006638684906343286
2020-06-10,0.028916526682195767,1.5222102726760676,-0.00513892552390947
2020-06-11,0.021253798648808227,1.5203337728572612,-0.016589213468946047
2020-06-15,0.034287719850808134,1.5213389977520582,-0.007267459027428664
2020-06-16,0.03980273383205901,1.5231333385330135,0.001211805581006523
2020-06-17,0.04339952906208612,1.5259826350849597,0.006985879203376715
2020-06-18,0.04461505436431139,1.5294549039471181,0.01066853836694295
2020-06-22,0.029846774116375253,1.5305538667622014,-0.00031869886876718587
2020-06-23,0.031243756092020663,1.532004931419458,0.002428860319851565
2020-06-29,0.035872668274562834,1.5353456952959883,0.008997806414911678
2020-06-30,0.03935337437162566,1.5396955705741244,0.014496674190605265
2020-07-01,0.037591375507825465,1.5441635767384283,0.00998914736670043
2020-07-02,0.036723562042681575,1.54868165983065,0.00822393057357583
2020-07-06,0.033922036030054864,1.5531631769945875,0.00126354727970049
2020-07-07,0.0272653397299346,1.5572539849021902,-0.010747275734520724
2020-07-08,0.030206498012118277,1.5613186409368107,-0.004530023214641341
2020-07-09,0.026571636073580367,1.5649215324095649,-0.009973774833030486
2020-07-13,0.03001412150170274,1.5697307154674882,-0.006459838599988054
2020-07-14,0.033060170924878965,1.574877236859842,-6.111519483417801e-05
2020-07-15,0.032362323919083356,1.5808315851473471,0.00035319333456316365
2020-07-16,0.01713915906248963,1.5813772457858237,-0.009357748666695795
2020-07-20,0.01707907222821607,1.5825868710855384,-0.00929368273773539
2020-07-21,0.01671776391362814,1.5840164236473788,-0.009595510897814342
2020-07-22,0.017735276293300028,1.5859018220232657,-0.006851311762885334
2020-07-23,0.01822180450803742,1.5886222692923937,-0.0059405780972558
2020-07-27,0.031362045101451484,1.5909120724346673,0.006367820712751726
2020-07-28,0.033222163144162924,1.5936324562350492,0.009162260479121357
2020-07-29,0.03391008414306081,1.596904384450134,0.010198599069520614
2020-07-30,0.031799398504078535,1.6001559218658028,0.006625405593939965
2020-08-03,0.031672966035748776,1.6040333405236227,0.007076835283824446
2020-08-04,0.033093712861192566,1.6082923078126456,0.009808659802510764
2020-08-05,0.03605336988323381,1.613887968114448,0.01360156905738735
2020-08-06,0.033983248211946954,1.6204185472213302,0.008746825183114709
2020-08-10,0.03604662446699208,1.6280102524053004,0.013183509170160443
2020-08-11,0.032236038866416204,1.63593522869089,0.007947074744141622
2020-08-12,0.03330772072087331,1.6438420650336616,0.009802660736864458
2020-08-13,0.0334758189412256,1.6534400864591552,0.010292334470244136
2020-08-17,0.0323601714997454,1.65631071686663,0.008806440897974869
2020-08-18,0.02809707790238209,1.6593150699802723,0.004483364216606046
2020-08-19,0.028171073110321326,1.662706868825519,0.004605220237546623
2020-08-20,0.032934162727198665,1.6666787966969119,0.01251273864258292
2020-08-24,0.029856972005223338,1.6679033860691572,0.010093990362313164
2020-08-25,0.029954124796482125,1.6691434881989076,0.010086116588652386
2020-08-26,0.01925142882763063,1.6680779622033368,-0.002793127470759501
2020-08-27,0.0159920319686891,1.6633587295000984,-0.007370039617287621
2020-08-31,0.015445103252579554,1.6585509231604203,-0.00866621273849248
2020-09-01,0.021593366806656127,1.6515487811774594,0.0005524764518644371
2020-09-02,0.025994295078333972,1.6458491753225692,0.0059527603583479725
2020-09-03,0.022226303318888786,1.6394865897055027,-0.0010991411028238496
2020-09-07,0.024499819339138987,1.6337151657501718,0.002051492595633871
2020-09-08,0.033907436314809886,1.6296438910014905,0.013479710509354129
2020-09-09,0.033299301241303245,1.625523238658676,0.012606096738390606
2020-09-10,0.028313086737912493,1.619688615951168,0.0037578515105072597
2020-09-14,0.03494007284156342,1.6154769463655165,0.014909362573166968
2020-09-15,0.03323041669207061,1.6109434258294586,0.011426155735290945
2020-09-16,0.03214137905282318,1.6061416255392398,0.008564601958469652
2020-09-17,0.03393688245429803,1.6017924995280195,0.011551386207180134
2020-09-21,0.03427443726638756,1.5975584788179242,0.011009970634102313
2020-09-22,0.025560917501133158,1.5914025111801198,-0.00029414163232655975
2020-09-23,0.04484096299411316,1.5897673762710554,0.003701610280616905
2020-09-24,0.03775124756384541,1.5868822557173343,-0.005769412832918978
2020-09-28,0.03893829796878257,1.5844368436751817,-0.0035943770022926263
2020-09-29,0.03995364543578586,1.5824914575996585,-0.0016818002444879336
2020-10-12,0.036641278255677576,1.57975906440983,-0.0065871603155247494
2020-10-13,0.03715553909162565,1.5805592903578831,-0.004851181019575772
2020-10-14,0.03906896300427657,1.582055891256478,-0.00020865496289321927
2020-10-15,0.04057071948611604,1.5838009378326015,0.0036539927059764036
2020-10-19,0.03819487273899501,1.585410760293453,-0.0011126389979975349
2020-10-20,0.035507831368476205,1.5872397161223493,-0.0076302476592245445
2020-10-21,0.03555094687338149,1.5908071427264756,-0.007958279725241222
2020-10-22,0.03514758581344245,1.596700048468014,-0.008666211113804894
2020-10-26,0.03592909383998524,1.6028099244734995,-0.007312672181110336
2020-10-27,0.027865216936621487,1.6116464423741104,-0.020102677741242407
2020-10-28,0.03107561119732895,1.6208908912274853,-0.01516769728913
2020-10-29,0.0253844979579311,1.632851196700235,-0.026958108723344146
2020-11-02,0.02268030479632927,1.6449883426744307,-0.03278020084159376
2020-11-03,0.023424982928282777,1.6584920398251894,-0.030863499726930442
2020-11-04,0.026906982246531964,1.673500188147329,-0.0235975077666291
2020-11-05,0.026938163132810077,1.6895736145244018,-0.02341340708472244
2020-11-09,0.021056376783126787,1.706699434165388,-0.03307002444653437
2020-11-10,0.03174620637052354,1.7239645768267642,-0.023047464217507203
2020-11-11,0.033592657224121615,1.7400866420959231,-0.019948198090047005
2020-11-12,0.03883028662454345,1.7579979803277188,-0.012532980789928413
2020-11-16,0.03877758922986176,1.776117964948351,-0.013315573489579995
2020-11-17,0.01812537086323306,1.7900383974722496,-0.02309561259871327
2020-11-18,0.01632542639321125,1.8021505753865175,-0.027697300222789052
2020-11-19,0.011231691757265438,1.810997874389558,-0.03353367841527367
2020-11-23,0.01234068739661598,1.827258165875777,-0.0314478649831272
2020-11-24,0.01459254777475258,1.8553912639379146,-0.02900960419771493
2020-11-25,0.015464028503912982,1.88331848381645,-0.027098139722237184
2020-11-26,0.01737056937829623,1.9196260681224309,-0.02364565543620363
2020-11-30,0.020987148517033646,1.9766701744891066,-0.017478951586030536
2020-12-01,0.018970577187522795,2.048404205477023,-0.020142178767144386
2020-12-02,0.020532379922240166,2.17695549549551,-0.013643274539318628
2020-12-03,0.013184794644288528,2.209240447494156,-0.018390440432614764
2020-12-07,0.013095436368529627,2.199736916388895,-0.01913395437040848
2020-12-08,0.010872650348649232,2.1879834516386483,-0.022365971588654488
2020-12-09,0.0011259762632833746,2.1632714607612327,-0.027724098323292697
2020-12-10,-0.003102102600485938,2.133868827709728,-0.033202028004709304
2020-12-14,-0.005030564349302178,2.10154221231022,-0.0363193111923409
2020-12-15,-0.005402511051438897,2.06995905487728,-0.037218426550043635
2020-12-16,-0.005834915557336788,2.039278321235275,-0.03825301340814546
2020-12-17,-0.0058114069387113255,2.0093068536871965,-0.037834953834416894
2020-12-21,0.0013740646932421322,1.9877167715645532,-0.029683354558692657
2020-12-22,0.0008944014924979211,1.9653067300673992,-0.03100389789382447
2020-12-23,0.0003476075814187521,1.9429831619427822,-0.03198736898072133
2020-12-24,0.0005501054662670762,1.9217529580505361,-0.032123097739187464
2020-12-28,0.015746329396166457,1.9133535015009324,-0.023455579204763228
2020-12-29,0.019979663975301428,1.907533740029127,-0.015155503165634042
2020-12-30,0.018922760169818434,1.9010435392502092,-0.0187834353946901
2021-01-04,0.017943597391828263,1.8939471474246874,-0.021237426345410638
2021-01-05,0.01799448090426658,1.8865611798314466,-0.019645425493346556
2021-01-06,0.019191157951926652,1.8799084227076743,-0.0171393176989056
2021-01-07,0.021155278110565872,1.8740744171852308,-0.012967720553341555
2021-01-11,0.024415465995524587,1.869747358622536,-0.007399841925656302
2021-01-12,0.02453550734413236,1.865470741043137,-0.005097702210236274
2021-01-13,0.02272373509008461,1.8604465702237871,-0.0069127931487294935
2021-01-14,0.02303710202777821,1.8557442723571178,-0.00604630375421228
2021-01-18,0.017271368266922073,1.848109052435185,-0.011617556853793098
2021-01-19,0.019807395718006396,1.8417873112855758,-0.004925979084884096
2021-01-20,0.01924870502076855,1.8352491952550725,-0.005725353982811702
2021-01-21,0.01997997428827419,1.8291329314027327,-0.003523323600293488
2021-01-25,0.021321994617049023,1.8239150526215329,-8.62365039978187e-06
2021-01-26,0.01928072115826531,1.8175569232755446,-0.003824401481642394
2021-01-27,0.02097445703733616,1.8121197518561605,0.0004236836935545005
2021-01-28,0.034843292122575184,1.8121238550641587,0.01738527920596025
2021-02-01,0.019360214674205296,1.806123567862322,0.00499571817072581
2021-02-02,0.018609890764334718,1.799691318572702,0.0029980308085502537
2021-02-03,0.019661658182828317,1.793958739460263,0.0049566982543305564
2021-02-04,0.02451719505332625,1.7903825357296332,0.010661025579700079
2021-02-08,0.02618415529184392,1.787796605945276,0.014061725516672707
2021-02-09,0.026676969361089226,1.785395966918332,0.01584568696100741
2021-02-18,0.026930728303891083,1.782940354617403,0.016228874980366396
2021-02-22,0.0248405661522714,1.7794254057452281,0.011222684731363255
2021-02-23,0.024235280580704274,1.7756230451617507,0.010471306266788485
2021-02-24,0.04034586942635257,1.7756094147723112,0.01894868505123734
2021-02-25,0.03967117114578083,1.7755542826956054,0.015941671435523948
2021-03-01,0.04004543349106147,1.776104764107376,0.016859522973088337
2021-03-02,0.05656641593043195,1.7757536947256878,0.02570584208146013
2021-03-03,0.059566240121891684,1.773947623350424,0.029218273945799667
2021-03-04,0.057911554506036064,1.7729036539390135,0.02526716303777127
2021-03-08,0.06004023939862639,1.7708134190336942,0.026921395465767217
2021-03-09,0.06057702683994565,1.7683860101200872,0.02721084864673115
2021-03-10,0.06154215884868142,1.7657795037307673,0.030898752128546227
2021-03-11,0.05208158239982247,1.765214763725729,0.022425409390464432
2021-03-15,0.049983403592782666,1.7649344378154883,0.01685158290372045
2021-03-16,0.04444942912539631,1.764965485676204,0.009940727945852492
2021-03-17,0.051183446297353045,1.7649272818760884,0.016868455108207434
2021-03-18,0.052249455676358976,1.7648098789614377,0.017808424367071092
2021-03-22,0.06531581280232848,1.760802447931662,0.02644849281591599
2021-03-23,0.06546699149340589,1.7567496165554848,0.026438369493223802
2021-03-24,0.06514869242589365,1.753278313001888,0.02501585518603245
2021-03-25,0.055615894116556736,1.752365632262142,0.019614500122933178
2021-03-29,0.05822797760585193,1.7511302618679085,0.024806264912516376
2021-03-30,0.05286325044932088,1.7522974306698291,0.015900740446409625
2021-03-31,0.057582286838569495,1.7731129030317685,0.02183938148794991
2021-04-01,0.0649822178884328,1.795642396980955,0.03231402097134602
2021-04-06,0.06713002474141916,1.8155617339549122,0.036646053207848105
2021-04-07,0.06764710135322995,1.8405172922270547,0.038294280117287534
2021-04-08,0.06803488650020677,1.8624639501108986,0.040502664215694775
2021-04-12,0.07102156746958901,1.8723869250554965,0.043664515336555264
2021-04-13,0.0739610863568501,1.8805169611743613,0.05033316042556565
2021-04-14,0.07226337009443613,1.885225386160779,0.04742776681290729
2021-04-15,0.06829440622059069,1.8911931494471235,0.043220213951731395
2021-04-19,0.06459297527829877,1.8912350637536528,0.03504431859521725
2021-04-20,0.06568929823824969,1.8903154674355054,0.038172800244981264
2021-04-21,0.06621916374572961,1.8868885406237084,0.03877944973075765
2021-04-22,0.060050917080093205,1.8868168155953517,0.03042462345116237
2021-04-26,0.058394727586827934,1.8856203814067192,0.027716829714387974
2021-04-27,0.058060062734826876,1.8845541186765493,0.02630256801747397
2021-04-28,0.058014457225356746,1.8834758471869064,0.026822230454357006
2021-04-29,0.06010149008764621,1.8819590251982232,0.031134753794204564
2021-05-06,0.06270538831769683,1.879804610289745,0.033367877512873664
2021-05-10,0.055916579910973443,1.8821124805487475,0.026919714028375466
2021-05-11,0.05807854342336015,1.8847991999706086,0.03312116908324232
2021-05-12,0.05426826210295429,1.88696005804782,0.028042274876880387
2021-05-13,0.04335006820791588,1.8894382630117723,0.017151859911725454
2021-05-17,0.04324222672487349,1.8913647546653873,0.01537990848552831
2021-05-18,0.061328452326051615,1.891260976615762,0.024493127500632948
2021-05-19,0.06151454096133588,1.8928503024498868,0.02417068177227756
2021-05-20,0.05941794886598061,1.894359416159027,0.021932308518461636
2021-05-24,0.050435033886219595,1.9051119737137496,0.014331587814716863
2021-05-25,0.04783141012999047,1.9163976064467008,0.009749109103135933
2021-05-26,0.046726465146602135,1.921094219658655,0.007911528556745012
2021-05-27,0.05022896999973116,1.9219976102819651,0.01336722506540321
2021-05-31,0.04955232419008865,1.9245829317716814,0.011186221244987792
2021-06-01,0.04937845936760789,1.9313211080798522,0.011602400416495634
2021-06-02,0.047022381613417936,1.9336608431683497,0.007429735551891339
2021-06-03,0.047482336899285604,1.9370429376669935,0.009100826153162015
2021-06-07,0.04801416846643084,1.9413113720617559,0.01045434580103887
2021-06-08,0.04758194224186138,1.9454751913848771,0.009507631919906166
2021-06-09,0.04709178410703485,1.9487818947589497,0.009357282507496578
2021-06-10,0.05093229453082101,1.9529622309388115,0.011907973411791933
2021-06-15,0.05122553092040574,1.957004749109316,0.013489829199712276
2021-06-16,0.04866203889469495,1.959247985436798,0.008817749329298573
2021-06-17,0.0483216940458043,1.962912228410133,0.00954775009229476
2021-06-21,0.05126911387787437,1.9661809106036654,0.01367129831593732
2021-06-22,0.05046576011124234,1.968608885198084,0.012110813890878185
2021-06-23,0.051980783327000776,1.9738262314048345,0.01174225161556989
2021-06-24,0.049639664515217466,1.9800555240911668,0.00783016740339618
2021-06-28,0.05070583871641597,1.9846123825949968,0.008670399406413365
2021-06-29,0.05174449314190822,1.990687875967211,0.010667684493460455
2021-06-30,0.05446895141905232,1.9967869711254878,0.013718540275946317
2021-07-01,0.06214994336429434,2.0008334236255134,0.02225546239852473
2021-07-05,0.0600711737101089,2.002144068569227,0.019156239847458227
2021-07-06,0.06213049826390066,2.0023821277067504,0.02230232942234318
2021-07-07,0.059374947941480995,2.0034640902757626,0.016918995598460673
2021-07-08,0.059226174667976014,2.003465758277615,0.016728528013662487
2021-07-12,0.0602965505423502,2.0036809380882636,0.015054062986676886
2021-07-13,0.03220313846570983,2.0208039096648003,0.0007963644687231129
2021-07-14,0.04216409003452089,2.022945825590746,0.007179653112796087
2021-07-15,0.04340905675836943,2.024105551719217,0.00996542900856479
2021-07-19,0.03472002525486585,2.0304750191118734,0.00038618427626403305
2021-07-20,0.03452420082032361,2.0348522467573598,0.0004049310857914133
2021-07-21,0.026441383620671405,2.0412544146067892,-0.01170625774127732
2021-07-22,0.030942464366104712,2.0463229756958854,-0.005716652097279332
2021-07-26,0.03635324709106789,2.049239273915269,0.0028660122405458916
2021-07-27,0.03949926930552308,2.052343304835092,0.0073772444852146755
2021-07-28,0.037963721402722604,2.0616009092100507,0.0066112498479259174
2021-07-29,0.03619376431597949,2.0703243535679388,0.0037744783846723226
2021-08-02,0.039771281214885254,2.0816365559467873,0.008287955169681305
2021-08-03,0.035752658434193334,2.0960021040453394,0.00282664076110506
2021-08-04,0.03539615486808255,2.1110498855772657,0.001364391262722021
2021-08-05,0.04083951431101288,2.1210889255964935,0.01076028162925509
2021-08-09,0.03984562504247953,2.134777382615617,0.009547739352903617
2021-08-10,0.0335779059511059,2.1618429465340316,0.005781884490914065
2021-08-11,0.03927019003319341,2.1767088485136936,0.011519526561107824
2021-08-12,0.04013453246013138,2.188646279392089,0.013385206946737054
2021-08-16,0.03816414914183324,2.201762363216296,0.010071524621939797
2021-08-17,0.03465779122106274,2.213236680566113,0.0055284279111943386
2021-08-18,0.032266312348004415,2.219828785959447,0.002332475417805356
2021-08-19,0.03143255787090031,2.2258710342347503,0.00038730864918709736
2021-08-23,0.029215976547938744,2.226285568532974,-0.0036410012509737683
2021-08-24,0.032230368872921675,2.2242758391700974,0.0005342834705630337
2021-08-25,0.02947453715003456,2.221229450014683,-0.005104375556663257
2021-08-26,0.025769884821603188,2.2162058406199794,-0.008757749688007958
2021-08-30,0.02058953404118297,2.2075313101134344,-0.012538601980750156
2021-08-31,0.03388282158528514,2.206122342675428,-0.0048396736257284075
2021-09-01,0.025699214980971722,2.200983650452644,-0.013390463578344
2021-09-02,0.021979870947921806,2.1936317375561036,-0.019990086692697223
2021-09-06,0.022523765094075825,2.1865290124818757,-0.01912363115407759
2021-09-07,0.022751189909750037,2.179830598346836,-0.019049018810196373
2021-09-08,0.0256781100579935,2.174925185114022,-0.016845892515492716
2021-09-09,0.027648224936669425,2.171106233634912,-0.014675760624113418
2021-09-13,0.00027753549109519866,2.142111451137139,-0.025458556592354135
2021-09-14,-0.00247134308475415,2.1108907499388887,-0.02671421860068676
2021-09-15,-0.003150800674011172,2.0801134925806086,-0.027861576220714335
2021-09-16,-0.008230926201454686,2.0425076669063555,-0.03528308126327684
2021-09-22,0.0030623436110069607,2.020899167815686,-0.021160700292621123
2021-09-23,-0.0016918381540640603,1.9942418130891568,-0.028124032193726042
2021-09-27,-0.0009588876676761954,1.9692098268835945,-0.027002970251861744
2021-09-28,-0.0019988466016386285,1.9437555282664438,-0.02802354904977299
2021-09-29,-8.790289467852362e-05,1.9210995570576634,-0.024382159892787685
2021-10-11,-0.0012133925914455548,1.8998893839022617,-0.024424902722678166
2021-10-12,0.0018312509158320632,1.8854599004273442,-0.019987897030363088
2021-10-13,-0.005553266896699706,1.85909329525608,-0.029335079040622925
2021-10-14,-0.014047016935734596,1.822997161086607,-0.03829757558186845
2021-10-18,-0.016748907563352726,1.784963318617813,-0.041641264678037616
2021-10-19,-0.0200143716608815,1.7446615628340143,-0.044008617554603224
2021-10-20,-0.01429895294938096,1.7145468669162904,-0.03731823986543048
2021-10-21,-0.016639032152948315,1.682721020534361,-0.03837481262535476
2021-10-25,-0.012789519955698615,1.655105179548305,-0.03325317178058342
2021-10-26,-0.015427011153990216,1.625479253007827,-0.03509036359166538
2021-10-27,-0.009298304521126188,1.6025610477056311,-0.025069044667869758
2021-10-28,-0.009584375257059106,1.5801350923076753,-0.026623533902307674
2021-11-01,-0.008092192251112766,1.5599052373111397,-0.02197956292841765
2021-11-02,-0.00373307825788552,1.5447837157450302,-0.015612381023153609
2021-11-03,-0.014617078092520308,1.5209223766285613,-0.027330665281022078
2021-11-04,-0.024927439093922765,1.489597495754661,-0.03232857688137361
2021-11-08,-0.026153118170371033,1.4576983430237151,-0.03517135000619471
2021-11-09,-0.025673541003326406,1.427025488640421,-0.03363035850751168
2021-11-10,-0.031507453365929354,1.3926965109727791,-0.04168025813688507
2021-11-11,-0.024719294735863144,1.3691392955908883,-0.03658186339258049
2021-11-15,-0.020082192171544257,1.3497857357751073,-0.031192084042763985
2021-11-16,-0.018754117260655304,1.3319820418040065,-0.027785411899524128
2021-11-17,-0.020922023615315817,1.3128698981932843,-0.03264308791623286
2021-11-18,-0.029543032358110198,1.2881255550107862,-0.0396967664360184
2021-11-22,-0.029879470765786755,1.2612364485847967,-0.04062285934750888
2021-11-23,-0.03198027407309178,1.2336504604136131,-0.043625724986426785
2021-11-24,-0.025230884086137984,1.2113748391056736,-0.03500743686354417
2021-11-25,-0.025043965159073523,1.1901692037438953,-0.03267608231955722
2021-11-29,-0.02773333870635662,1.1680321121242085,-0.038749302149647384
2021-11-30,-0.027733684872401458,1.1463996415223638,-0.03879166996300707
2021-12-01,-0.028920411129082287,1.1244250932072566,-0.04083994752392709
2021-12-02,-0.031085244580059256,1.1021538528805779,-0.0440029110062484
2021-12-06,-0.03124831328468797,1.080280756387923,-0.044435212677077764
2021-12-07,-0.030036260599950414,1.060134776919075,-0.042708255612168816
2021-12-08,-0.030546021047150027,1.0401914737946336,-0.04285860510913548
2021-12-09,-0.029825058542869747,1.0211480506734254,-0.04134123749261648
2021-12-13,-0.030384447613062988,1.0024883963232634,-0.0430674446847226
2021-12-14,-0.027556748373513372,0.9861421753630283,-0.037143824478796286
2021-12-15,-0.025622916731867527,0.9709981563622156,-0.034735233036118224
2021-12-16,-0.021865055731856896,0.9571075954327473,-0.031306064708793574
2021-12-20,-0.01845436786802857,0.9451198706437266,-0.024489345994701144
2021-12-21,-0.015473199126529962,0.9343690577685471,-0.021240897012857633
2021-12-22,-0.017911677432172653,0.9245099044303084,-0.021924781009035214
2021-12-23,-0.016716255069150986,0.9157907703095652,-0.01975352430845168
2021-12-27,-0.023393270215104872,0.9049355407206395,-0.025475082448607404
2021-12-28,-0.023004875559563657,0.8933516085011044,-0.02496291874819093
2021-12-29,-0.015814958756828985,0.8837418774778271,-0.0187228452005837
2021-12-30,-0.017278107740885115,0.8743288020380903,-0.02131215890122514
2022-01-04,-0.01688481894764075,0.8648364393829475,-0.020380815832532217
2022-01-05,-0.020451314710048425,0.8532151380746026,-0.0276733370427083
2022-01-06,-0.025560791564813397,0.8401478797540762,-0.03475289413733785
2022-01-07,-0.023346845618320643,0.8285882354921629,-0.03086254966038222
2022-01-10,-0.025203467659191726,0.8159150110513227,-0.033517477305074095
2022-01-11,-0.02399173218816207,0.804001603224638,-0.03079506103221607
2022-01-12,-0.02434573787244615,0.792276800862333,-0.031178246465470568
2022-01-13,-0.0244149393728304,0.7805377409844894,-0.03005493574332725
2022-01-14,-0.025957150188211344,0.7684834855993302,-0.033462361592071735
2022-01-17,-0.025930573374456863,0.7575710708953226,-0.031175246970885407
2022-01-18,-0.03989483987678958,0.7407155472169118,-0.04390772654807665
2022-01-19,-0.037644034280483796,0.725462545991037,-0.04170122334386656
2022-01-20,-0.037887649743180346,0.710364760902917,-0.041562496719302795
2022-01-21,-0.033165378176019465,0.6969052964385724,-0.03533667077097509
2022-01-24,-0.032680082876668654,0.6840791631634944,-0.03544540244968723
2022-01-25,-0.03739209710785337,0.6700940100477192,-0.04233674125909784
2022-01-26,-0.03792379902328063,0.6560732988157201,-0.04348929705344649
2022-01-27,-0.03371941528197425,0.6433441221920853,-0.037100748523873725
2022-02-07,-0.02473077514862778,0.6332473753257821,-0.027020572033612335
2022-02-08,-0.023823991443656534,0.6237004380771722,-0.024567735336595783
2022-02-09,-0.023267674173916345,0.6143814261476622,-0.024457878847414207
2022-02-10,-0.01960802738988082,0.6060062186436398,-0.020248440358317032
2022-02-11,-0.018775899892428727,0.5978156889108447,-0.020317807401525903
2022-02-14,-0.014226149446538161,0.5913887775869558,-0.012930833277314648
2022-02-15,-0.015730470573856094,0.5843843955382676,-0.01565850122246844
2022-02-16,-0.014371008520783497,0.5782814452203333,-0.011930875832678886
2022-02-17,-0.014750315141990444,0.5724451574624972,-0.01168604185767058
2022-02-18,-0.015753603633127996,0.5663670787014323,-0.012700246914940823
2022-02-21,-0.018443826126924433,0.5594224906462514,-0.01797561296144445
2022-02-22,-0.017972432187584764,0.5526221332210534,-0.016590220101328535
2022-02-23,-0.0162060481581467,0.5468594373930501,-0.013597471573738487
2022-02-24,-0.02214937294474757,0.5388525665670588,-0.02080676356678552
2022-02-28,-0.018967967581595108,0.5313732676984017,-0.018214499161590934
2022-03-01,-0.021340797285651178,0.5230450225589324,-0.022354192147246047
2022-03-02,-0.01585583219784664,0.5158216918113755,-0.017882293833685618
2022-03-03,-0.003709092300333228,0.5127683433942811,-0.004087949210984071
2022-03-07,0.02145595295588647,0.5133702965439236,0.008238888009003392
2022-03-08,0.00485415005862321,0.5124899171075084,0.0028150346396467398
2022-03-09,0.002259250217915306,0.5110854023429611,-0.0013857709147754862
2022-03-10,0.0011199476663151847,0.509225481362664,-0.0029185175326332208
2022-03-14,-0.0016383208996535185,0.5068385526576266,-0.009087372743888922
2022-03-15,0.005684413791061112,0.5053117642872023,-0.0023801065386890655
2022-03-16,0.005706523510134464,0.5033698715218429,-0.002205760360287929
2022-03-17,0.01486384734943843,0.5028757653645031,0.0091432385085809
2022-03-18,0.012819344255721055,0.5019446129810452,0.0042442983645179936
2022-03-21,0.019182770684390973,0.5026741859524493,0.01342615548895979
2022-03-22,0.01913044195016848,0.5034093402443828,0.013440028195628268
2022-03-23,0.02033405179418822,0.5045714815292986,0.016282808248611964
2022-03-24,0.028935095770304856,0.5080216288189239,0.027633306869553058
2022-03-25,0.030454186879343575,0.5122805794754214,0.03108461132585943
2022-03-28,0.032467366535931005,0.5170508105499838,0.036292125458791444
2022-03-29,0.03282676419163421,0.5219300955809183,0.037969223213604957
2022-03-30,0.027908354458952928,0.5264272827508856,0.03244976064964123
2022-03-31,0.02867089412778619,0.5310128086077142,0.03480774584526435
2022-04-06,0.023071676526379113,0.5338723796460114,0.028451796562993237
2022-04-07,0.023765264171272102,0.5368884200283074,0.02992942729219512
2022-04-11,0.023609430936491285,0.5399796778118137,0.02913830807407384
2022-04-12,0.02502669166432885,0.5432001137452452,0.032389020690714386
2022-04-13,0.01785725556896801,0.5434609623106766,0.026567283375669232
2022-04-14,0.01908616866692086,0.5433555171500594,0.027544369103138167
2022-04-18,0.01959986022686287,0.5434357986905562,0.029869353215200678
2022-04-19,0.020807116221593064,0.5437746853304065,0.0334275050009567
2022-04-20,0.021175249076837516,0.544149822145611,0.03300307635801932
2022-04-21,0.019603717772143845,0.5441986415729055,0.029048616201605315
2022-04-25,0.019529503758595974,0.5440093976187341,0.029279202434296565
2022-04-26,0.01822677683857191,0.5433014963215311,0.026962466935436028
2022-04-27,0.01911396519844842,0.5426870612818645,0.028361731684059997
2022-04-28,0.01996487984734016,0.5423717519360489,0.029431426841569158
2022-05-05,0.017861949296413,0.5417709800027883,0.0268406124222252
2022-05-09,0.02233121657236114,0.5423650347166672,0.03498874251791014
2022-05-10,0.026833074429968372,0.5431398143323404,0.04150439707353379
2022-05-11,0.02693851028541054,0.5439915932195114,0.04230488749108797
2022-05-12,0.027406013289351307,0.5448052881937809,0.042445488852485065
2022-05-16,0.027553347441280993,0.5454787474848776,0.04298389833239504
2022-05-17,0.02793476107604565,0.5464289290456914,0.0438822472974816
2022-05-18,0.024881832176577,0.5468634681132598,0.037946620224741476
2022-05-19,0.023595639442955518,0.5457574098817685,0.03700777806757255
2022-05-23,0.026933534600984146,0.5465962590718493,0.0391914109443105
2022-05-24,0.026934660593424083,0.5475249942485274,0.03920790817071443
2022-05-25,0.02648066215536389,0.5482817766558907,0.03825669309374256
2022-05-26,0.02366748109059367,0.5481892445534138,0.032998577114454614
2022-05-27,0.023443753050987486,0.5478948932398658,0.032281322702847524
2022-05-30,0.02341211583836759,0.5475457819115644,0.03157756602193455
2022-05-31,0.022985582127004814,0.5471232679341426,0.03071108669876467
2022-06-01,0.024938743128350586,0.5471337956585518,0.034803523657829696
2022-06-06,0.0189862093064287,0.5465357269332892,0.025731923820488577
2022-06-07,0.010001592217415261,0.543301303720622,0.018942940218308963
2022-06-08,0.009853672449555836,0.5401004172599452,0.018765969971430475
2022-06-09,0.012040054462900773,0.5371687136988261,0.022558832296478742
2022-06-10,-0.006112093990354355,0.530509866314948,0.005385969483918379
2022-06-13,-0.00903910538957502,0.5232353806579514,0.002225250879711492
2022-06-14,-0.008055775979396424,0.5162046844433578,0.004353393085818051
2022-06-15,-0.007768308950449656,0.5091447648855922,0.00473432904096327
2022-06-16,-0.00885873981197796,0.5018816055790764,0.0033193175621279696
2022-06-20,-0.015294069228286704,0.49344604085233196,-0.00391509250917658
2022-06-21,-0.01047032821880861,0.4863130612419508,0.0031397227228351543
2022-06-22,-0.009929410646374745,0.4794054549731141,0.004975789378402834
2022-06-23,-0.005742619840666425,0.473565661041337,0.010175791103146177
2022-06-24,-0.011755516634208416,0.46629690544367597,0.00016797179123837462
2022-06-27,-0.011253945751994949,0.45906451134175835,0.0008784774706953386
2022-06-28,-0.020927946782767288,0.44951412210978475,-0.007506989295032895
2022-06-29,-0.020595964326123175,0.4400242308316163,-0.006653257668582494
2022-06-30,-0.01954091016065607,0.43073932374776674,-0.0043436455390548434
2022-07-01,-0.008838785117582865,0.42373380375671754,0.00693745994036528
2022-07-04,0.0010515748612985555,0.41811525657346266,0.013396500225328406
2022-07-05,0.006456396761572517,0.4135456894872973,0.023706518786651674
2022-07-06,0.004276982638952945,0.4083969035905951,0.019734060911270918
2022-07-07,0.00022142227534164904,0.40230021743623,0.015879717132416406
2022-07-11,0.009639262515156427,0.39741676899734435,0.023118630519320844
2022-07-12,0.013747498578657265,0.39302378565989854,0.029617042847586632
2022-07-13,0.01312543510413766,0.38851556821726285,0.028753187435382365
2022-07-14,0.010906577779644721,0.38359158275771305,0.02540687252482546
2022-07-18,0.009265769976522722,0.37833004381390695,0.022337636238235124
2022-07-19,0.008902754345306263,0.3730331013136125,0.02185696669029855
2022-07-20,0.011510508938849874,0.36819011668779617,0.026308221661517767
2022-07-21,0.012516450752473042,0.3636032691094205,0.029001770828738022
2022-07-22,0.013138917512731406,0.3590231601982274,0.03030017850775859
2022-07-25,0.01066348697004589,0.3540583921527719,0.025311263527380987
2022-07-26,0.015854101666063762,0.35004799278403165,0.03257792227040656
2022-07-27,0.019057088686611656,0.3465111538123336,0.0346010836437808
2022-07-28,0.01979258232274619,0.34306600565558104,0.035521554579962
2022-08-01,0.0222816918159609,0.3399069659090855,0.04061732667513049
2022-08-02,0.020863652060862683,0.3364421049456701,0.03856417032216584
2022-08-03,0.016789393690035254,0.332305112432617,0.03129526195567098
2022-08-04,0.023539744121063008,0.3293700425228401,0.042215684150055326
2022-08-05,0.026085259804723832,0.32658412628049366,0.04670968196719089
2022-08-08,0.029442596546928206,0.324403125120356,0.052664435290380215
2022-08-09,0.035450579084742584,0.3236741306358628,0.05900837347375532
2022-08-10,0.03555798437969895,0.3229641240227077,0.06034127537930487
2022-08-11,0.021009422798602892,0.3193467603949189,0.052733699821338596
2022-08-12,0.02018375309123371,0.31559074521494573,0.052990531352602094
2022-08-15,0.021106557813219906,0.31204668423642856,0.05408872048409228
2022-08-16,0.03144131313865484,0.3103030529584976,0.06604394706200153
2022-08-17,0.02946761190798609,0.3085390051541183,0.06286186063012812
2022-08-18,0.030528745923724846,0.30697767246571894,0.06587860004698372
2022-08-19,0.026374296408853776,0.3046565702586819,0.05768136242944531
2022-08-22,0.027631588021891435,0.302525815237901,0.060167191702842356
2022-08-23,0.03128579885651335,0.3008151985060748,0.06676345028608131
2022-08-24,0.03140699472889294,0.29930381073907336,0.06666596678516379
2022-08-25,0.0314707201904964,0.29775667054147803,0.06693217172997704
2022-08-26,0.031353863407745534,0.2961477607787592,0.06676345028608131
2022-08-29,0.041445499070899235,0.29560532076107704,0.07626021795815882
2022-08-30,0.04177484131023796,0.2951340441965022,0.07590215356055789
2022-08-31,0.029501344095850462,0.29307192467829013,0.06238044211021231
2022-09-01,0.029825502942692497,0.29101537809239414,0.06357986410803994
2022-09-05,0.035179511541403384,0.289747893263749,0.07077489634883774
2022-09-06,0.033805045378273155,0.288357437418898,0.06694679425511467
2022-09-07,0.034035977712214574,0.2867491867144444,0.06717400579956091
2022-09-08,0.03602089453692951,0.2854115283498294,0.07138341835648833
2022-09-13,0.03702147907402384,0.284054869669302,0.07298514726387176
2022-09-14,0.03829743234076011,0.2830126579043329,0.07512228555321764
2022-09-15,0.03531298687527022,0.2815680262788311,0.06764305141359105
2022-09-16,0.03522778485496574,0.28002628220256087,0.06626440974869197
2022-09-19,0.0318002475579748,0.2778867319779734,0.060056960359497154
2022-09-20,0.02501171587018225,0.2743866158109356,0.052605846460519835
2022-09-21,0.025347312196877848,0.2710318924288922,0.05332497474805763
2022-09-22,0.022527930553401132,0.26714383320036217,0.046825074856110226
2022-09-23,0.02828972438329838,0.2641489247172482,0.05588316677405884
2022-09-26,0.02796134905484021,0.2610987898994835,0.05622173447147627
2022-09-27,0.02561495575952895,0.25764522699139886,0.0532038702449947
2022-09-28,0.027993279518643936,0.25712530604157957,0.05813915994721571
2022-09-29,0.026657383440160796,0.2553274509447378,0.05679201295184383
2022-10-10,0.026461747949239847,0.2533706569877722,0.056202237771292775
2022-10-11,0.026570354656844854,0.25236317602408875,0.05648793941628953
2022-10-12,0.028635283460754724,0.25164396059275174,0.06239881400076984
2022-10-13,0.01712797789036716,0.25033941549835365,0.057457900250418956
2022-10-17,0.01067007046856943,0.24745769699995585,0.048941619160687504
2022-10-18,0.010682641176296243,0.243920088934715,0.04899673486335749
2022-10-19,0.010629846892122825,0.2400009805498604,0.04786592561674067
2022-10-20,0.008757851587611238,0.235926114549909,0.04467933815420872
2022-10-21,0.011419985704797318,0.23247142295109055,0.04993670130277007
2022-10-24,0.009034855861935894,0.22819348964404643,0.045167880743181434
2022-10-25,0.010071907433874091,0.22453322095903222,0.04739350530814081
2022-10-26,0.010365580889291388,0.22094673716818894,0.049087844494301744
2022-10-27,0.022626989286978177,0.21859665231401054,0.05481200390017012
2022-10-31,0.010593503106878484,0.21447805487248825,0.044577355357431604
2022-11-01,0.00852600346239223,0.21075649372692734,0.04163972589879672
2022-11-02,0.0063383321831533045,0.2059312227860801,0.03769576619549356
2022-11-03,0.010341746983849527,0.20165286346108596,0.04416904923357029
2022-11-07,0.009148131308572144,0.1973827400372936,0.04304311416474061
2022-11-08,0.011563327874507031,0.19394345249723743,0.04766570939071501
2022-11-09,0.013231005010503567,0.19108404560436193,0.05283421252884925
2022-11-10,0.016895297631161193,0.188923594489138,0.05572122552584843
2022-11-14,0.016083866505316638,0.18693464192581338,0.05340111689916909
2022-11-15,0.017262761663733642,0.18470797767149694,0.05705412568225519
2022-11-16,0.01768148671778446,0.18292647615815563,0.05865435574344902
2022-11-17,0.02404408571027813,0.18266879832513344,0.06877277389280186
2022-11-21,0.0282319396081818,0.18381473565372122,0.07493219272642845
2022-11-22,0.018510677650295855,0.18154883785810033,0.06798604187811501
2022-11-23,0.022806615256125953,0.18111287123236502,0.07239679039683612
2022-11-24,0.024344290240673628,0.18147314802209358,0.07671680437445469
2022-11-25,0.021008625664696943,0.18123911548074062,0.06928590644037881
2022-11-28,0.01983432676947459,0.1807862588660049,0.06726575176056906
2022-11-29,0.016578400859512798,0.17936932232121494,0.05974153793086939
2022-11-30,0.016313474916982727,0.177614664918221,0.06011047486571216
2022-12-01,0.03454185089963925,0.183142533110525,0.06751620894804362
2022-12-05,0.040560984358963374,0.18992931419720205,0.07589902601025338
2022-12-06,0.03976663518882789,0.19669443961811184,0.07306562164551644
2022-12-07,0.04146192169607336,0.20460465500081135,0.07686147208061182
2022-12-08,0.03516814704238296,0.20955101416583746,0.06957534391929138
2022-12-12,0.038755876122050795,0.2157848018696995,0.0763916774742137
2022-12-13,0.03906108849392017,0.2218776963953533,0.07602986438947773
2022-12-14,0.03946288744094842,0.22817323714529752,0.07797729575601903
2022-12-15,0.037973753838107624,0.23390403330670648,0.07546447529126683
2022-12-19,0.043071766230098396,0.24037019622739625,0.08354209452323065
2022-12-20,0.043073912367536646,0.24623307224367683,0.08409100069458207
2022-12-21,0.04298793238640204,0.25342364918330074,0.08505721053308794
2022-12-22,0.04936628984386461,0.26288219627045484,0.09241982698583923
2022-12-26,0.04951622337151669,0.2728673819375158,0.09152747952148378
2022-12-27,0.05308449796144191,0.28379501748274294,0.09338753656798268
2022-12-28,0.054871813294453786,0.29353013175546505,0.09543956080009083
2022-12-29,0.057371050562338974,0.3038500317298119,0.0948584101405316
2023-01-03,0.05700053894896598,0.31324257722938603,0.09461470179942612
2023-01-04,0.058752332187022666,0.3232166780164529,0.09439611416424998
2023-01-05,0.05243160381950422,0.33147208335647715,0.08495860238891757
2023-01-09,0.051437087586609746,0.3396739780800801,0.08287658328405799
2023-01-10,0.049103325746836665,0.3473790468099186,0.0787399153957245
2023-01-11,0.045936454795434734,0.35397421526173656,0.07126444323424592
2023-01-12,0.056949041205214816,0.36342269620964307,0.08267449282889514
2023-01-16,0.072277943602494,0.37559311799363165,0.08924074541009558
2023-01-17,0.06975652144148758,0.3879463169828549,0.08495447809391425
2023-01-18,0.06937725365728356,0.4001081917998487,0.08334375342716173
2023-01-19,0.07921034214822495,0.4136394405505806,0.09634353127763746
2023-01-30,0.08185098740544149,0.425300993834186,0.10323935252319441
2023-01-31,0.0794844568675299,0.4358245967818845,0.10181834542659475
2023-02-01,0.07847214322532088,0.44599032518090853,0.09951061490428054
2023-02-02,0.08179283942444962,0.45651008483146127,0.1070585099063747
2023-02-06,0.09375649564905723,0.46852830127540973,0.1164750305666672
2023-02-07,0.09454984738649043,0.48050400702000806,0.11654101932383269
2023-02-08,0.09110266205720932,0.49315612072080967,0.1113076609572644
2023-02-09,0.08338045081416653,0.5044134209630443,0.10226870097007223
2023-02-13,0.08422766386076518,0.5155608112344705,0.1012919923767988
2023-02-14,0.08776900661561947,0.5271871862011406,0.10860474646632079
2023-02-15,0.0883405119488427,0.5387614878281806,0.10967893845086144
2023-02-16,0.08798907689590027,0.5506393065603384,0.10778888546863828
2023-02-20,0.09187082616183898,0.5628452340257172,0.11474595424731623
2023-02-21,0.09199543150712546,0.5750840096218734,0.115426839007571
2023-02-22,0.09157231498143971,0.5870378141450734,0.11576390695882045
2023-02-23,0.08951424244476602,0.5992660805203035,0.11031757874986636
2023-02-27,0.08988585283576418,0.6113048450244087,0.11006112215514487
2023-02-28,0.08862372664894803,0.6235973456897324,0.10748380836550214
2023-03-01,0.08851848770161833,0.6351881730081965,0.10651797183333458
2023-03-02,0.08437671273374348,0.6465432440361946,0.09892625673111086
2023-03-06,0.08067497242793537,0.6571585802505768,0.09445888783329397
2023-03-07,0.080751709361421,0.6669796200078622,0.09482407602519272
2023-03-08,0.07631610764749913,0.6762872080742386,0.08661259081905867
2023-03-09,0.08462660023002595,0.68586774022836,0.09676512250307757
2023-03-13,0.08288194287099197,0.6952881629245962,0.09323509496023696
2023-03-14,0.09171287054180176,0.7058686518318746,0.09723411343225122
2023-03-15,0.09495119977362208,0.7161513731887715,0.10266394137960064
2023-03-16,0.08637333883997185,0.725309411787378,0.09605831309784382
2023-03-20,0.09139009745166193,0.7345411960283093,0.10346030614690972
2023-03-21,0.09104904765242851,0.7437541156005228,0.10230419429002051
2023-03-22,0.09640117599806906,0.7534875958474795,0.110696784859395
2023-03-23,0.10353042053423055,0.763939770718935,0.11734441847246727
2023-03-27,0.10135702088717286,0.7741075295655483,0.11283917507175231
2023-03-28,0.10136304018393025,0.7848469869766663,0.11289760778480827
2023-03-29,0.09970264727056302,0.7955064155391033,0.11085382026518094
2023-03-30,0.10040094402303337,0.8062813038940234,0.11343339431306866
2023-04-03,0.09904457670835513,0.8172914989149275,0.11033978014604515
2023-04-06,0.10071865061051614,0.8286626220298482,0.11274275835431731
2023-04-10,0.10710853768542217,0.8394591556710365,0.11886324770863703
2023-04-11,0.11026128556078034,0.8541786129724688,0.12711188565246417
2023-04-12,0.11282004080329847,0.868021710672977,0.13240226207916417
2023-04-13,0.11061519486176714,0.8823974518528809,0.12652248297756888
2023-04-17,0.1088609650152941,0.8956730130844544,0.12572761423025464
2023-04-18,0.10878572537490074,0.9089680253764936,0.12604781135771045
2023-04-19,0.11522327381089476,0.9230897320222133,0.13193358946871947
2023-04-20,0.11769781446110301,0.9372190196287087,0.1352551659934633
2023-04-24,0.11342210817819734,0.9507821482602437,0.13071691537200494
2023-04-25,0.1041384393365987,0.9628766119363179,0.1243077236896513
2023-04-26,0.10088394010270692,0.97519135218605,0.11812574448884122
2023-04-27,0.1007572496121593,0.9875063088495645,0.11714640620205594
2023-05-04,0.09671673052672872,0.9992712723161872,0.11224221600636237
2023-05-08,0.09972872912304617,1.0106591059637768,0.11628215210923294
2023-05-09,0.099982814619511,1.0208654901419671,0.11452179664526373
2023-05-10,0.1010306723313374,1.031516471445835,0.1159210650663719
2023-05-11,0.09739862018213347,1.0422601760758063,0.10834281926587927
2023-05-15,0.10073024256738415,1.0529278631221497,0.11522300928914121
2023-05-16,0.0896972031803172,1.0649311451428554,0.10594363348776424
2023-05-17,0.0940357650896693,1.0775880241988747,0.11390209769884457
2023-05-18,0.09365335460388619,1.0903048239213649,0.11366963525604475
2023-05-22,0.09378652230933089,1.1026433237334021,0.11356540209620866
2023-05-23,0.09420490361956092,1.1170243975608585,0.11454324411366355
2023-05-24,0.0894234808803339,1.1309419886908039,0.10722292680201122
2023-05-25,0.08225393605352573,1.146266443629304,0.09879203891685373
2023-05-29,0.07231580846215514,1.1602605795052943,0.08833872777933748
2023-05-30,0.06945249177693853,1.1707513667668257,0.08460358123873717
2023-05-31,0.031072343401411354,1.1723821658445244,0.07296658634006098
2023-06-01,0.06350112623172564,1.1806029770137678,0.08710030286229244
2023-06-05,0.06926450458436606,1.1896761725957987,0.0933707897871067
2023-06-06,0.06863085022157972,1.199148776084727,0.09120738931137252
2023-06-07,0.07366298565299474,1.2094950557901207,0.09968252004854673
2023-06-08,0.06301137067771359,1.217838082689303,0.09454659982036534
2023-06-12,0.06192642442788785,1.2262195137784766,0.09340153481986409
2023-06-13,0.051149278425697914,1.2317924440640635,0.08851832376337157
2023-06-14,0.0554969477280427,1.238190625182325,0.0943036390736971
2023-06-15,0.05552977635289469,1.2431950332500654,0.09368873841854908
2023-06-19,0.0536945821487976,1.2481169328853612,0.08979274286510822
2023-06-20,0.04910942005788821,1.2524397313891333,0.0811263930217599
2023-06-26,0.04398923848950734,1.2545998406534775,0.07255077851898833
2023-06-27,0.03703815242470924,1.2556214467161297,0.06724838518660832
2023-06-28,0.03857119124175672,1.2565240785893448,0.06906609151353367
2023-06-29,0.038634061544242634,1.2573785697956332,0.06934354668719801
2023-07-03,0.045591883671858915,1.2599095667382432,0.07281923514647978
2023-07-04,0.04555444541231212,1.262307085038118,0.07128723266054393
2023-07-05,0.05018765417365806,1.2662273805229731,0.0737325875830289
2023-07-06,0.049746570825292484,1.269986422730741,0.07079156274218683
2023-07-10,0.04933942105810955,1.2737564258068583,0.06947552536440052
2023-07-11,0.04814603437669561,1.2771469114768328,0.06740660962348176
2023-07-12,0.048250659157166934,1.282089521575107,0.06748234738710367
2023-07-13,0.04332442012392839,1.286246855380843,0.06338800887843517
2023-07-17,0.0434926340080238,1.290329258461528,0.06338913369670678
2023-07-18,0.04252257675152321,1.2940453778129863,0.061954240521553454
2023-07-19,0.043117263081485085,1.2977701340927696,0.06383568655053684
2023-07-20,0.04470207646359063,1.3020500213588084,0.06755583551418232
2023-07-21,0.04538430767850301,1.3064463925946348,0.06758133139500554
2023-07-24,0.04519735249229596,1.3111471087667828,0.06828471775418704
2023-07-25,0.043744696286401964,1.3154943602863305,0.06576212531038471
2023-07-26,0.044922255680161484,1.31980707293759,0.06815798822891873
2023-07-27,0.046828480579376906,1.3248532069366796,0.06811899452883617
2023-07-31,0.04201107228046684,1.3283144752427434,0.060065295704092664
2023-08-01,0.03436661849810862,1.3296976885063816,0.05453043992891278
2023-08-02,0.034040795482681394,1.3310074104928546,0.05278322221367514
2023-08-03,0.03491865678697753,1.3323716877306548,0.05402314688841569
2023-08-07,0.03381739343875955,1.3335247287691525,0.05263812065663716
2023-08-08,0.03366830628164627,1.33457841936484,0.05209820788626329
2023-08-09,0.03760796042177957,1.33689568928636,0.05778078979444825
2023-08-10,0.03091531976215463,1.3383672982365418,0.04992168453069365
2023-08-11,0.038042013615354496,1.3403343692956553,0.05725924905584405
2023-08-14,0.03874754919900229,1.342411668739573,0.058776253964825054
2023-08-15,0.0388241722079495,1.3445986499057485,0.05933116431215375
2023-08-16,0.039454225243085686,1.3474850623459902,0.06145332145126215
2023-08-17,0.03913297546798409,1.3503836545457792,0.06084779428171091
2023-08-21,0.039323075824313915,1.3533274432903761,0.06128947292303063
2023-08-22,0.03936225669454864,1.3563832701034493,0.06135771189817511
2023-08-23,0.039430854014456,1.3590267173739872,0.06267974830674335
2023-08-24,0.04944422210887485,1.3643120605118442,0.07004655810695565
2023-08-25,0.04969889276074712,1.3720914188505742,0.07040612501444769
2023-08-28,0.05161942042721349,1.3801732272507448,0.07428674805150987
2023-08-29,0.047273755700015956,1.3872405120497613,0.06862141335682297
2023-08-30,0.0626041788675253,1.4016877499814597,0.07733538050700285
2023-08-31,0.057979826028651336,1.4173295229945784,0.06969261529082167
2023-09-01,0.07351867390325126,1.4332223285440344,0.07978634456316443
2023-09-04,0.06838380219151127,1.4493251503001745,0.07317841339566655
2023-09-05,0.0684849087350294,1.4662134919070648,0.07318066303178805
2023-09-06,0.08160920963307816,1.4860380307838243,0.0852679579125073
2023-09-07,0.08349939023936985,1.5039013602396887,0.08745235458646568
2023-09-08,0.08557522246015165,1.5217189115292493,0.09096628620821953
2023-09-11,0.0830921233118985,1.5381855903659325,0.08549592103948407
2023-09-12,0.08287269005267875,1.5578860407519752,0.08562265054099419
2023-09-13,0.07805616733144936,1.578112905578643,0.07836007526214525
2023-09-14,0.07691034559745889,1.604253952822671,0.07655961648625302
2023-09-18,0.0754077244112061,1.6310993152792916,0.07366958394885664
2023-09-19,0.07311708256475348,1.6582473971026377,0.06869038933331129
2023-09-20,0.07140752839168502,1.6799119481470215,0.06517570783285027
2023-09-21,0.04774747896162458,1.6951087394785072,0.05066930424283141
2023-09-22,0.04043457389377959,1.7065818956457879,0.041205834958466574
2023-09-25,0.04015198167779456,1.7192002376788436,0.040811612987628566
2023-09-26,0.04106390773655999,1.7342934449487613,0.04155302879988186
2023-09-27,0.020403908068751964,1.7387834761354946,0.03136442680569287
2023-10-09,0.02013412904737933,1.741364418605419,0.030987237815991164
2023-10-10,0.019603167806873874,1.7440194710187436,0.02915228461956955
2023-10-11,0.018925813235220735,1.7474088086429826,0.027045875331155853
2023-10-12,0.01980725776436188,1.7519171239473585,0.02896256530665795
2023-10-13,0.019670452130078786,1.7565693372975295,0.028293673499870838
2023-10-16,0.02589892297506525,1.7623220269436464,0.0363803654778891
2023-10-17,0.023751178435933606,1.7668930414818314,0.032864934098720926
2023-10-18,0.02096968334617795,1.770162000746539,0.027761259617786915
2023-10-19,0.023834109803211136,1.7756687137227416,0.0338037822400858
2023-10-20,0.021756796016627736,1.7780740090682676,0.029389996169739408
2023-10-23,0.013211558153494106,1.7755656156369002,0.023062519638719556
2023-10-24,0.012695567083282278,1.772536703313996,0.02177947717076803
2023-10-25,0.00617267884633993,1.7654432739782873,0.014327182579007504
2023-10-26,0.007128439832802362,1.7594183224476192,0.016842275762823645
2023-10-27,0.005450614163419522,1.7542215561019443,0.015535987054950146
2023-10-30,0.0012945451506813273,1.7443465105014502,0.010351325673642813
2023-10-31,-0.003495300054795332,1.731147063996057,0.004790225181340937
2023-11-01,-0.007450088099714405,1.7149022977336295,-0.002737807159842793
2023-11-02,-0.005677908240153852,1.698337826854579,0.0018049580481351963
2023-11-03,-0.005314183965159826,1.6822759338097326,0.001984929309971702
2023-11-06,-0.0043459574677918444,1.6712636324517438,0.004560013273115948
2023-11-07,-0.004418514489508696,1.6606489519660772,0.0018503260568021056
2023-11-08,-0.006907152408036102,1.6485880105837738,-0.0015803696716151722
2023-11-09,-0.010983817281994714,1.6315516528342928,-0.005700953939954613
2023-11-10,-0.013597928935828849,1.6139945784934424,-0.008804327551332734
2023-11-13,-0.01574853102208874,1.5954076001549338,-0.012432616356129893
2023-11-14,-0.013365020219545122,1.5795850924921127,-0.007187213816178229
2023-11-15,-0.013572755697056973,1.5636508838117429,-0.006941253554119023
2023-11-16,-0.018291353024997747,1.5447610304107313,-0.011061087943610722
2023-11-17,-0.014531970547245513,1.5281769760063135,-0.006934129705065479
2023-11-20,-0.010688980016164277,1.5137281873147674,-0.000987965381899402
2023-11-21,-0.010255981615256336,1.4997685754670878,0.00022683835144179815
2023-11-22,-0.03311697400829703,1.4728981903648213,-0.007952840119722282
2023-11-23,-0.0323448546783029,1.4473373199280075,-0.007031613955271871
2023-11-24,-0.011893559555625913,1.4342706792593911,0.005829183222918406
2023-11-27,-0.0166734764328891,1.4193675394374652,-0.002954147720677566
2023-11-28,-0.02880755652949242,1.3983421385392536,-0.014757615723552357
2023-11-29,-0.029678806041255872,1.3777580657374124,-0.014730995024457532
2023-11-30,-0.03494873551920139,1.3553020221560261,-0.020936992368366034
2023-12-01,-0.03566896302154751,1.3328968488138377,-0.021556017357176625
2023-12-04,-0.03156760703291659,1.31281602926403,-0.017729010657727976
2023-12-05,-0.029497044333660995,1.2939567783988661,-0.013966118599761223
2023-12-06,-0.027677974694813295,1.27673688277063,-0.01247123511678858
2023-12-07,-0.02719700648544944,1.2601245956267784,-0.011430403276123402
2023-12-08,-0.02266659633565359,1.2460525361863108,-0.0032750958675109207
2023-12-11,-0.021309624698579912,1.2338645123921224,-0.0008946054653555875
2023-12-12,-0.02217994055388111,1.2215363773825783,-0.0025255919591933096
2023-12-13,-0.005042291216411347,1.2151507648764381,0.012208777520079058
2023-12-14,-0.017978258624482855,1.204011150480194,0.0012616711613250425
2023-12-15,-0.030255406715945093,1.1890591421702987,-0.009532459912489712
2023-12-18,-0.024632530593829832,1.176675484552604,-0.0051846623532846026
2023-12-19,-0.02593844735648735,1.1637202248384397,-0.007375058467537471
2023-12-20,-0.022066818269186522,1.1524110609951381,-0.001412771749144951
2023-12-21,-0.012762139750563464,1.1439706058661856,0.009246381132076337
2023-12-22,-0.009707675789824646,1.1364209766935602,0.014174959858857224
2023-12-25,-0.01710688862927006,1.1266636723041217,0.006779279723006863
2023-12-26,0.01458080281944373,1.1261981335270872,0.021630630302526904
2023-12-27,0.03234422051898061,1.1298145362335588,0.037292224977031614
2023-12-28,0.033888208113572814,1.1336522759990606,0.03877960967152684
2024-01-02,0.024266777787803673,1.136108603232965,0.02892245221796507
2024-01-03,0.018027758544319733,1.1378928590643194,0.020720652320792617
2024-01-04,0.01757702057241399,1.1390603679710956,0.019995519475026605
2024-01-05,0.014782185429131272,1.140195577675488,0.014586643346267296
2024-01-08,0.013363786462567827,1.1408484289678047,0.012307761527980937
2024-01-09,0.012985311121275496,1.1413687228946692,0.01209779545061332
2024-01-10,-0.02219095575472718,1.131032248687261,-0.0003303216324301226
2024-01-11,0.002647013107238618,1.129362486627735,0.011050964579166213
2024-01-12,0.004544300357145341,1.1285263449599865,0.014120218702972096
2024-01-15,0.00860549124500294,1.1289962055759402,0.019344624635186995
2024-01-16,0.000896286252859629,1.12699054248223,0.011673364022791642
2024-01-17,0.007011109237838893,1.1265526279852023,0.019510722799961733
2024-01-18,0.0057250582978342355,1.1253670592496774,0.01843539653230045
2024-01-19,0.004176762788108862,1.1235338587397423,0.01601628736948643
2024-01-22,-0.006057593200274053,1.1186946016724741,0.007799489895359149
2024-01-23,-0.0021145735959535467,1.1149614595765662,0.013834514861982592
2024-01-24,0.008643001937241749,1.1133440143042033,0.021479154775283123
2024-01-25,0.014173380540640228,1.1127159114512988,0.030824144975837468
2024-01-26,0.010464466162557138,1.1103396142845392,0.025781959603623745
2024-01-29,0.011586124065418422,1.1075591897522197,0.02741407091573308
2024-01-30,0.010808205620171643,1.1061641482230837,0.024568280688554156
2024-01-31,0.01732936719155115,1.1052554604917997,0.03441381501997594
2024-02-01,0.01865031663981367,1.1043343554212701,0.0370361413505279
2024-02-05,0.02746846215894048,1.1053305534708686,0.04714338339981146
2024-02-06,0.03544907265860549,1.1075963831140183,0.05612205778324408
2024-02-07,0.03956588736317757,1.1109155939897708,0.06152493488122145
2024-02-19,0.032562672676162904,1.113434633921364,0.05532943584118133
2024-02-20,0.04249041672937844,1.1143566048882165,0.06796376960735369
2024-02-21,0.046855734195483334,1.1149959358539585,0.06946315236341277
2024-02-22,0.049795294743400616,1.1159853147250731,0.07475767196789151
2024-02-23,0.04652003878293806,1.1164959385499427,0.06892848874497311
2024-02-26,0.0469092162362366,1.117779586605967,0.06954413927896885
2024-02-27,0.04711310520358743,1.1186498870355164,0.06937766617477026
2024-02-28,0.046632934099022444,1.1194409857599463,0.0684980582863695
2024-02-29,0.04648787206232826,1.120173032652338,0.06789076408009113
2024-03-01,0.046302385055681364,1.1210613277645038,0.06652524007428298
2024-03-04,0.044879818850690374,1.1212449267104696,0.06488338680096231
2024-03-05,0.04433232372659919,1.1213737007008755,0.0641552573063771
2024-03-06,0.04471682909088128,1.1215499231272978,0.06478777762427888
2024-03-07,0.04519046858237509,1.121164627246599,0.06613605448448923
2024-03-08,0.04611380792451079,1.1208559606552344,0.06839543055780056
2024-03-11,0.0464263558265882,1.1202886153680045,0.06784228923401957
2024-03-12,0.04680278807047246,1.119626146679048,0.06816923641163486
2024-03-13,0.04611068524809835,1.1187312401962155,0.06742310695813208
2024-03-14,0.03477760153121394,1.116603108831333,0.05525932216891751
2024-03-15,0.0339470080495332,1.1142657910868932,0.05369507489252878
2024-03-18,0.03816767527290839,1.1128826806476155,0.06181026378278709
2024-03-19,0.042560751606295105,1.112065254496795,0.06620005455746572
2024-03-20,0.04936499334345918,1.1120877046486881,0.07547868047999494
2024-03-21,0.05354250002410097,1.112729796214651,0.0838315809649873
2024-03-22,0.05068327081366586,1.1122722615499592,0.07875715080232071
2024-03-25,0.051508469885670274,1.1112273812089064,0.0813149875519669
2024-03-26,0.05850291512052558,1.1107333370658925,0.08946542074806905
2024-03-27,0.05877979607483215,1.1102676797045314,0.08992847093654942
2024-03-28,0.05068284730744166,1.1090890502655038,0.08123137606044373
2024-04-01,0.04795815885098803,1.1076952173146521,0.07597734991374303
2024-04-02,0.03727898878086417,1.105198828861909,0.061615295282374305
2024-04-08,0.0365630926913688,1.1026324863241166,0.06050279266490435
2024-04-09,0.0435587957404215,1.1008607747929062,0.06672609456915639
2024-04-10,0.042552595842334305,1.0993055695358522,0.06445021226626098
2024-04-11,0.04678269246834685,1.0982257298457818,0.06779504686661186
2024-04-12,0.05384071366880029,1.0975984410308908,0.07413452264541834
2024-04-15,0.09903964361726075,1.0970194267181546,0.0868731058573304
2024-04-16,0.10395034616046338,1.0961419786825761,0.09454361802885147
2024-04-17,0.10520881583611558,1.0952614720093736,0.0953658603395439
2024-04-18,0.10694833276769826,1.0942769700018424,0.0985161019694745
2024-04-19,0.09344663650921704,1.0940973538479484,0.09018907074367961
2024-04-22,0.09012948413683002,1.0941559286090146,0.08755946282818633
2024-04-23,0.08970301130153185,1.0942322348058715,0.08617631647953732
2024-04-24,0.10109953575399126,1.093769965843419,0.09437058686439073
2024-04-25,0.1079789297000195,1.0927616541022294,0.10308602109435724
2024-04-29,0.10668281258184246,1.0918801758502745,0.1011843354667216
2024-05-06,0.10991222916385257,1.090724359760185,0.10649608236867623
2024-05-07,0.10113914247565539,1.0902026974876218,0.09717249867340515
2024-05-08,0.10669866222990809,1.089252431018002,0.10553286660026223
2024-05-09,0.10917118392919112,1.088115534374687,0.10975766818784072
2024-05-13,0.10592096083543662,1.0872441779667237,0.10489359727945805
2024-05-14,0.10951363872447274,1.0861660577222325,0.11208078414778362
2024-05-15,0.10570033159027395,1.0853760194970685,0.10512643378867764
2024-05-16,0.10116622369892152,1.0848543818017509,0.0986898728325221
2024-05-17,0.10190651465091426,1.0844404438228408,0.09978956603951251
2024-05-20,0.09306209729127875,1.0845029859326394,0.08755383875791534
2024-05-21,0.09320418895505514,1.084352740088973,0.08655500387778493
2024-05-22,0.12145264099928343,1.082411468050375,0.09246852629873704
2024-05-23,0.12312426238330634,1.080338612821633,0.09530260225066658
2024-05-24,0.12228443611380167,1.0785577580377639,0.09380735363932885
2024-05-27,0.12437417295850345,1.0769094789062625,0.09697707073066515
2024-05-28,0.11872673864176342,1.0757265330777583,0.09248607577915981
2024-05-29,0.11789506203937147,1.074633058053616,0.09198105072153899
2024-05-30,0.1165316699116668,1.07359776988334,0.08903067728501801
2024-05-31,0.09813282603337513,1.0736869214627847,0.07772184978567304
2024-06-03,0.0989667650994391,1.0736899331301522,0.07857595458785815
2024-06-04,0.0908316888998866,1.073995350411214,0.06753820600509783
2024-06-05,0.0903893836688532,1.0746425478660133,0.06515548606748305
2024-06-06,0.08829706488627571,1.0755374517063985,0.059717785476573935
2024-06-11,0.0818297906552854,1.0766783622232001,0.04965187168190134
2024-06-12,0.08127470504393097,1.0776872370802275,0.04961587780086105
2024-06-13,0.07631234273456268,1.078560795838656,0.04621745553264068
2024-06-14,0.07520116368629723,1.0794448245821036,0.045864640511193704
2024-06-17,0.07882547454990872,1.0809206658876438,0.05215644590428794
2024-06-18,0.07618642563701909,1.082657760527701,0.048949991001615754
2024-06-19,0.07493649263932156,1.0840450132866817,0.0455579426498296
2024-06-20,0.0733099837635164,1.0847416053692112,0.04229524730803197
2024-06-21,0.08010143339626848,1.0853267225371035,0.05147031254695748
2024-06-24,0.08031616934666232,1.085918388906424,0.052173318036025575
2024-06-25,0.0797047603104798,1.086312976061927,0.05001218542856504
2024-06-26,0.07458704759041913,1.0868392252490124,0.04354828429174694
2024-06-27,0.0723522810031897,1.0873630263453888,0.0383951603228126
2024-06-28,0.07058744557845488,1.087934834227189,0.03479152567499048
2024-07-01,0.07525212333595073,1.0883995018789574,0.04042045431140305
2024-07-02,0.07595025241995322,1.0890777551538822,0.04035495215820403
2024-07-03,0.09164039627323642,1.0890110580228578,0.0497009883320709
2024-07-04,0.09198786040850888,1.0890949136260608,0.05108112870820937
2024-07-05,0.09079458054810537,1.0892058853745759,0.04805164372065194
2024-07-08,0.08923860317726381,1.089373924426531,0.04410281502152385
2024-07-09,0.08425768822425549,1.0896797707122714,0.03850351690219429
2024-07-10,0.0858456078054794,1.089774382217396,0.0415914919464422
2024-07-11,0.09568597441768499,1.0893705310084376,0.04450812111948791
2024-07-12,0.10253260681008278,1.0886157591722354,0.053238137016800705
2024-07-15,0.10262932585025505,1.087947856906098,0.05463477458841599
2024-07-16,0.10442719760752313,1.0902779947294796,0.05839950958347344
2024-07-17,0.1041399701171912,1.0897982614078052,0.057468167911556026
2024-07-18,0.10759623291474349,1.0889022216335829,0.06395306547898097
2024-07-19,0.10096387211810047,1.0884972227022545,0.05493247397952002
2024-07-22,0.09607573062513945,1.0882272315737578,0.04714054860681969
2024-07-23,0.09239857573762036,1.0884541962272876,0.041712971294953174
2024-07-24,0.08446323085203185,1.088909018224147,0.029078744113551803
2024-07-25,0.07866266423685093,1.0900798935790703,0.019551238789440154
2024-07-26,0.0780533933682567,1.0909328799931057,0.018660390233693067
2024-07-29,0.07692367569421979,1.0917775832868017,0.01744372206727922
2024-07-30,0.08168148537746187,1.0927808310587603,0.025019684153737835
2024-07-31,0.08729479143968878,1.094110399876919,0.03155594798889735
2024-08-01,0.09018572132810189,1.0958738582233256,0.037618667326620586
2024-08-02,0.09515919032281818,1.0982717526972243,0.04031820840464207
2024-08-05,0.09063884757925506,1.100648896906958,0.03228669876126733
2024-08-06,0.08491502327969022,1.103122790767727,0.024870084585664146
2024-08-07,0.08765135520721304,1.1048547175833359,0.030451385764473562
2024-08-08,0.08438440783611605,1.1066343019115645,0.02363092024360012
2024-08-09,0.08566105778065265,1.1079994701354776,0.026382202525617012
2024-08-12,0.09090966344639644,1.1093426462247078,0.034766527190438726
2024-08-13,0.09163236034750223,1.1107233410202755,0.03724935510969682
2024-08-14,0.08083383666826614,1.1123059751572661,0.02751076067073432
2024-08-15,0.07927211997509216,1.113873908598417,0.02498331533643671
2024-08-16,0.08338216252347198,1.1159517227905669,0.03011094363963418
2024-08-19,0.08291372643636437,1.118023904805995,0.027844079006617808
2024-08-20,0.07529500217942345,1.1201159299722852,0.020326981913110494
2024-08-21,0.07218253362561422,1.1220717180926971,0.019347273463545197
2024-08-22,0.07061570646122224,1.123820198437457,0.016347033504332992
2024-08-23,0.0702007403611743,1.1254908969881996,0.013854082306032325
2024-08-26,0.07053695152288768,1.1271967669160732,0.01502500824862414
2024-08-27,0.07118460213719095,1.129077824057639,0.016233052881038754
2024-08-28,0.07147838447022452,1.130853638637858,0.017622191727437307
2024-08-29,0.07904767310744586,1.1326238788769034,0.02716994360963411
2024-08-30,0.0827718252293175,1.1349319484429397,0.03376094813887572
2024-09-02,0.07973226770573083,1.1381364705306185,0.028244135996930163
2024-09-03,0.07682666700831192,1.1413507650668713,0.024168953777900234
2024-09-04,0.07893076516261584,1.1445037894064745,0.0281196571583325
2024-09-05,0.08110176361158586,1.1478430714004288,0.031804905666092655
2024-09-06,0.08098587218875479,1.1512183096432265,0.033207542217881324
2024-09-09,0.0868335447311565,1.1541278127369583,0.04188994121006791
2024-09-10,0.08743416529348585,1.157934547656724,0.042006546387188
2024-09-11,0.08986031161334111,1.1608090377068505,0.04503340682091959
2024-09-12,0.08920935775608868,1.163624900337243,0.04484293920041474
2024-09-18,0.06839109361634632,1.1660728211410052,0.03400203215459348
2024-09-19,0.07023941892473327,1.168531415024085,0.0376239164342723
2024-09-20,0.06231273268656076,1.17063480250122,0.030732587960100796
2024-09-23,0.07209482150801481,1.1731947756597998,0.040252969495256544
2024-09-24,0.07173010140216077,1.1757457451796132,0.03913865892805102
2024-09-25,0.06481439254360255,1.1779779017296446,0.029016129757992136
2024-09-26,0.07906742536965296,1.1796574682733725,0.041768836797817774
2024-10-08,0.06987354176764267,1.1810391439346246,0.033492868712377756
2024-10-09,0.06887675386714942,1.182202910444132,0.031191509943364448
2024-10-10,0.07524607116500301,1.1840208073518679,0.03955783766766602
2024-10-14,0.07785187073930476,1.1846595740574104,0.04559768589347824
2024-10-15,0.08434070021000425,1.1857051278326607,0.05325688382984252
2024-10-16,0.06835194764550115,1.1854966904154343,0.045084398152393325
2024-10-17,0.06918326038888414,1.1855333820676133,0.04708843246656344
2024-10-18,0.06429132156810365,1.1853149539082206,0.03920689732752323
2024-10-21,0.06708516439512066,1.1848592070241886,0.04243959776845395
2024-10-22,0.06748390092773038,1.1844067590667342,0.04183857494233334
2024-10-23,0.05845261927505731,1.1834014014815881,0.030918931281736443
2024-10-24,0.06720989038586744,1.182945685994867,0.042102905006222935
2024-10-25,0.07021526541498938,1.1826304189326036,0.04697295209822585
2024-10-28,0.07083495015185746,1.182411833483198,0.04946628750615806
2024-10-29,0.07249157463806638,1.1822812936268239,0.051107758763823605
2024-10-30,0.07586596502616959,1.182293701962414,0.05679290770578983
2024-10-31,0.07910379108898218,1.1824486275216204,0.0630179744444552
2024-11-01,0.07892106329917219,1.1826621681035139,0.06350764120110743
2024-11-04,0.0863851073706044,1.1845837655527176,0.07537024955770764
2024-11-05,0.08874903684570258,1.1873149680775021,0.07768285641454604
2024-11-06,0.07725206742226834,1.1899935844721963,0.0695700948175439
2024-11-07,0.08661425098118743,1.1926879709151577,0.07654052700233825
2024-11-08,0.09710084363824231,1.1982786455770842,0.08479398962854866
2024-11-11,0.07616807090404565,1.2039494692947634,0.06867024880369278
2024-11-12,0.07633723088443506,1.2097564489679553,0.0697628118388437
2024-11-13,0.07748917726350339,1.2157550533312906,0.07268618657634256
2024-11-14,0.07745541188332379,1.2216358376454421,0.07156437854574148
2024-11-15,0.0737973113474064,1.2274701776992432,0.06612031016194214
2024-11-18,0.06300169793264065,1.2317209002986507,0.05612492719210678
2024-11-19,0.07232932896929302,1.2368446053515723,0.06936466898864685
2024-11-20,0.07471883429019063,1.242578396204005,0.07367568369120171
2024-11-21,0.06529463827954102,1.2474004734276927,0.06446462975158913
2024-11-22,0.06452779632185533,1.2525710612047718,0.06343767991072134
2024-11-25,0.06553316375158413,1.2594872439565008,0.06630069158829213
2024-11-26,0.06632187299556631,1.2666137186228419,0.06821474012338889
2024-11-27,0.061236667764896544,1.2749005299261085,0.06312873260554608
2024-11-28,0.059864675738437706,1.2829466374455012,0.05949560228133694
2024-11-29,0.0647475617099989,1.2918114080381502,0.06637275396655695
2024-12-02,0.06444893005654821,1.3017717693349558,0.06635813144416058
2024-12-03,0.0658924837792585,1.3132031574043557,0.06515308562411067
2024-12-04,0.06631415040480775,1.325930777054612,0.06555539245824682
2024-12-05,0.06837343794305996,1.3384716410492294,0.06891557311763923
2024-12-06,0.06751824242739785,1.3510531273786826,0.06738920674134079
2024-12-09,0.06573109634913804,1.363436728313152,0.06401665317838222
2024-12-10,0.06918664764672905,1.3762419537665622,0.06845065189272888
2024-12-11,0.06924900920363003,1.3900127123430877,0.06876447371954336
2024-12-12,0.06725658385081544,1.405215440583711,0.06548902870275557
2024-12-13,0.07503797690916249,1.4219923009392204,0.07402595722693611
2024-12-16,0.08232356671738048,1.4400649786979973,0.0838342953266578
2024-12-17,0.08166627154911939,1.457662598852743,0.08293460327096065
2024-12-18,0.08152546301060787,1.475716872987244,0.08341977197488215
2024-12-19,0.08222305513075286,1.4960150340175875,0.08368935180341351
2024-12-20,0.07819543603907089,1.5152441985249638,0.07736678622827557
2024-12-23,0.0759485032141512,1.533344878200256,0.07435604071630514
2024-12-24,0.0736294349236433,1.551584071789067,0.07031046860246191
2024-12-25,0.07421823555425777,1.5806717892951092,0.07215216000405579
2024-12-26,0.07247779478898446,1.6103747298420958,0.069451112598298
2024-12-27,0.07152701023247149,1.6310445756309628,0.06722398578122397
2024-12-30,0.07430740440801852,1.6546256285953596,0.07232311779731491
2025-01-02,0.07905645203082587,1.6854624411299997,0.07793592624872243
2025-01-03,0.07618737646547984,1.7179246083027284,0.07430803482749203
2025-01-06,0.07796440073960628,1.755097027834448,0.07865505561477451
2025-01-07,0.0754556649638459,1.794426123961186,0.07531436601543977
2025-01-08,0.06664625723609129,1.8322133894518984,0.06261149692167309
2025-01-09,0.07049690338930184,1.8706455554592056,0.06911440605869462
2025-01-10,0.07158084167020484,1.909638017466269,0.0704926748541104
2025-01-13,0.07031972113388742,1.950023454271214,0.06741819059883038
2025-01-14,0.06638439370203032,1.9884309034406853,0.06019540222154817
2025-01-15,0.06442423764214948,2.0272751798981536,0.056224818286985334
2025-01-16,0.061310519197541574,2.068177599131124,0.05280164252470405
2025-01-17,0.048355373122472345,2.094423421184399,0.043652427305515905
2025-01-20,0.0531032521342299,2.133156596285294,0.04852061066777879
2025-01-21,0.06561492313433259,2.18808301921954,0.05581088772383544
2025-01-22,0.06025294865075282,2.239532236700835,0.04774299111345553
2025-01-23,0.06006423389192108,2.2954352797816524,0.04616225628171644
2025-02-05,0.05871946401612811,2.3500142339102834,0.04328948818855114
2025-02-06,0.05572673500775995,2.3962906208769916,0.04106386153741186
2025-02-10,0.054657818074866124,2.4410898944879005,0.03977482777282007
2025-02-11,0.0657368902895577,2.4998931183514452,0.048388632807064326
2025-02-12,0.0627638867017771,2.5262735304779333,0.04319650378668414
2025-02-13,0.060129226442348235,2.5388971983824797,0.04030798833513814
2025-02-14,0.05849025291769892,2.5502227609571646,0.036981546345766884
2025-02-17,0.06373062311515738,2.5698815373616664,0.04180098788447045
2025-02-18,0.06941628203714248,2.5962599851143056,0.04900727902916335
2025-02-19,0.06569507670963175,2.6230766733312474,0.04436930704894217
2025-02-20,0.067421363765718,2.653650116018664,0.048181667525489386
2025-02-24,0.05607917044804347,2.683422052927334,0.0382578322488124
2025-02-25,0.05670483417505767,2.714693012855918,0.04061543676066614
2025-02-26,0.0568540959863557,2.7977846268354605,0.041345814239847296
2025-02-27,0.05699184385177687,2.846268817949191,0.041617268703362256
2025-02-28,0.05595966531358906,2.8937581180491,0.03882548702472629
2025-03-03,0.05519247022079494,2.9370614674080877,0.038392809606361274
2025-03-04,0.055113467980068616,2.994092067901493,0.03757994596423358
2025-03-05,0.04723036755304659,3.0391018906511293,0.028900151999632095
2025-03-06,0.05023825601845986,3.090168373119632,0.0343562367414412
2025-03-07,0.04963883571690902,3.1459106794515166,0.03300721304016102
2025-03-10,0.05003929978715761,3.225633940262764,0.03416426894403835
2025-03-11,0.04800297210749865,3.3003095422349986,0.030645859157264255
2025-03-12,0.03848828941114812,3.346516138891884,0.02220233800225075
2025-03-13,0.03537486189526456,3.37966518550651,0.01683247369415437
2025-03-14,0.03535953496887355,3.4211568905824534,0.016920209223277017
2025-03-17,0.03137090456230181,3.45602340091479,0.009619788336323756
2025-03-18,0.03249037677604528,3.4952462539748224,0.012408578360316275
2025-03-19,0.035785833781225525,3.5265979849347087,0.016358926799787257
2025-03-20,0.03611881462374404,3.5564961894197826,0.017263277638436086
2025-03-24,0.03380389443273124,3.5668058851615885,0.013394665717549445
2025-03-25,0.03253335428212874,3.562384714149303,0.011049802473391174
2025-03-26,0.0345850391585078,3.55538757682132,0.014191784242826149
2025-03-27,0.02891859322138536,3.54951185022897,0.006892113232190173
2025-03-28,0.020849565279776,3.5158147844230503,-0.00475571560423785
2025-03-31,0.013108806016179243,3.4631567489198622,-0.012733649743860442
2025-04-01,0.012905483185217502,3.409494366980243,-0.012601296573859184
2025-04-02,0.014226870558755373,3.3633955064772754,-0.010664366046305357
2025-04-07,0.017386989890554667,3.3241649703565184,-0.007908945518432135
2025-04-08,0.028897855221585476,3.303519930719733,0.0006666400460686611
2025-04-09,0.06360840228346845,3.314590053274308,0.011512101222998969
2025-04-10,0.0651356278167964,3.3265083121403713,0.015044393615582128
2025-04-11,0.06544337849938789,3.3388361010370327,0.015817516098705624
2025-04-14,0.06961469361591593,3.35398176811564,0.021275115935924654
2025-04-15,0.06986171465413889,3.3699366163397118,0.022557779376645062
2025-04-16,0.0712751159609683,3.3860664196846515,0.024658182941367585
2025-04-17,0.07027923103599498,3.401708977605805,0.023135559079115145
2025-04-18,0.0687488979237926,3.4162111208070325,0.02019079478112681
2025-04-21,0.0667658925321042,3.429913108044202,0.016209280893203094
2025-04-22,0.06454363853448228,3.4424961650627504,0.013370257139425018
2025-04-23,0.06403495238057226,3.4556764868325796,0.013408500724063868
2025-04-24,0.06290898432799168,3.482173260748058,0.0139664071352659
2025-04-28,0.06303521506187114,3.5104919853053262,0.014526563169093743
2025-04-29,0.06048058053192762,3.532035797662216,0.009949330999769553
2025-05-06,0.05773488590728878,3.5464811603888804,0.007203291647858481
2025-05-07,0.055475482591349,3.5518823950581058,0.0023553548892279296
2025-05-08,0.05520354465956328,3.5532466353317296,0.0018821842635982499
2025-05-09,0.047778816026689576,3.550366045349911,-0.005307609648505344
2025-05-12,0.04853805212016026,3.547504622349621,-0.0036038954465550557
2025-05-13,0.042980586473495404,3.5330198006210325,-0.013089054311198186
2025-05-14,0.04339720635844605,3.51899786045341,-0.012146462430981853
2025-05-15,0.04548518655705979,3.5137894925271325,-0.008637051134711013
2025-05-16,0.04472850098652518,3.5103824356580313,-0.009645631945284578
2025-05-19,0.04865479072581121,3.5236736712518044,-0.0051973781398404265
2025-05-20,0.052366728955871716,3.541584316387867,-0.0007644948925265663
2025-05-21,0.045715829621223975,3.5440358187533607,-0.008825622989300072
2025-05-22,0.04546674554584525,3.5474157722264397,-0.009348284038923432
2025-05-26,0.04138080417224218,3.541170184353543,-0.014321437670346866
2025-05-27,0.04150843906989132,3.5284706256031457,-0.013711416488325912
2025-05-28,-0.00015804668780182833,3.4359710957180702,-0.029933025160890817
2025-05-29,-0.004520410748357149,3.3428798925566876,-0.03787567193246107
2025-06-03,-0.008442625861665524,3.248339975072854,-0.044278456058126914
2025-06-04,-0.010149185473064362,3.1581418851530856,-0.04587343431370943
2025-06-05,0.0008759442699932865,3.088729405915536,-0.039005354462801956
2025-06-06,0.001655234270206142,3.0235589182211617,-0.037767315393706175
2025-06-09,0.0009582152485115834,2.9606512645162066,-0.03891237030497768
2025-06-10,-0.021532481362737433,2.8659330526287374,-0.05862501176372379
2025-06-11,-0.03469541404726142,2.757164588685551,-0.07274510605268412
2025-06-12,-0.034290518454794854,2.6584290749364876,-0.0723330512565193
2025-06-13,-0.03415895797312311,2.569725293444693,-0.07172565474169944
2025-06-16,-0.02689625557841896,2.495478849220814,-0.06356816957322069
2025-06-17,-0.0321151275945785,2.420959686755798,-0.0715396864260509
2025-06-18,-0.031783861210698844,2.3528872797057696,-0.0717095324885283
2025-06-19,-0.03330773001989862,2.2863314887915065,-0.07519381385409676
2025-06-20,-0.03632084220063671,2.2216347133687635,-0.08073049554196392
2025-06-23,-0.029253709588558222,2.1675523924984343,-0.07218345174453589
2025-06-24,-0.02489380371767368,2.119591953229529,-0.06603075001108291
2025-06-25,-0.021955208086135842,2.076744698870227,-0.061407787648287346
2025-06-26,-0.017695930506828442,2.037914609528592,-0.053167066661111054
2025-06-27,-0.02110816416366408,1.9979968418657632,-0.0582584334543725
2025-06-30,-0.057510323166003255,1.9334021418246714,-0.07181464923210926
2025-07-01,-0.061156594226243394,1.8702126226463236,-0.07670029172206665
2025-07-02,-0.061469526717690244,1.8107726273119669,-0.07710784919489663
2025-07-03,-0.06268023542098138,1.7546921501283599,-0.07843662903271587
2025-07-04,-0.059249505908040165,1.7034456428818223,-0.07539100865387681
2025-07-07,-0.057287657711324685,1.6563924803555543,-0.07190521120686626
2025-07-08,-0.05654646589841332,1.6120934711055046,-0.07066379189450185
2025-07-09,-0.04017792056684776,1.5776466217464735,-0.06036537321352533
2025-07-10,-0.04116485795281477,1.5441046424503855,-0.06163641261821133
2025-07-11,-0.03816553785537163,1.5129529191282738,-0.05839357491581333
2025-07-14,-0.03770900500011628,1.4831642848900828,-0.05714728141104158
2025-07-15,-0.0373333017012076,1.454548474956925,-0.056289048609470406
2025-07-16,-0.03396673396155391,1.428355993361586,-0.05206162404078762
2025-07-17,-0.02976030028516194,1.4047813388753698,-0.04425241792845722
2025-07-18,-0.03556623476297039,1.379546757000338,-0.05317293990966352
2025-07-21,-0.036060112593532964,1.3549326245733977,-0.054565084248778296
2025-07-22,-0.03768064702732366,1.330362838284173,-0.0579968906414305
2025-07-23,-0.039187341661144494,1.3060122436771475,-0.06137770548274427
2025-07-24,-0.03946975790598917,1.282340354255237,-0.06183724782857195
2025-07-25,-0.03901914235491228,1.2596002590844717,-0.060501350253816186
2025-07-28,-0.04115316306479977,1.2366076138499755,-0.06483939938798358
2025-07-29,-0.041220376673888545,1.2142594429875069,-0.06539693431127717
2025-07-30,-0.04118570078581884,1.1925658991420713,-0.06581686646601076
2025-07-31,-0.040997106900191274,1.1716499680762924,-0.06558381093849336
2025-08-01,-0.03843101791167182,1.152180648223839,-0.06101402525256509
2025-08-04,-0.03841348603221891,1.1332736053385963,-0.06131121940937379
2025-08-05,-0.0374800491649847,1.1149476534256502,-0.059351036101385285
2025-08-06,-0.03891037876829016,1.0966200201976415,-0.06298044972443977
2025-08-07,-0.03833623908315845,1.0787237049211627,-0.06099552041447588
2025-08-08,-0.04053020764894545,1.0606046372828428,-0.06548167062107163
2025-08-11,-0.04053295573810012,1.0428686632537905,-0.06556040790008417
2025-08-12,-0.04083128461904951,1.025425771209184,-0.06657649373876988
2025-08-13,-0.036383092482826104,1.0095081139127497,-0.06171840362369582
2025-08-14,-0.036750317318848334,0.9937853388793724,-0.06292345893201164
2025-08-15,-0.03427842891434037,0.9789389494442071,-0.05915681747982101
2025-08-18,-0.03518320251019435,0.9642232189471088,-0.061656913558181266
2025-08-19,-0.03593423830629989,0.9495624787738841,-0.06395829174189081
2025-08-20,-0.035956971745816295,0.9351561721819868,-0.06369470932691072
2025-08-21,-0.0368319077552316,0.9207578979314769,-0.06570588439654546
